nombre,url,direccion,ciudad,provincia,telefono,productos
Cannava,https://ar.prvademecum.com/laboratorio/cannava-1014/,Finca El Pongo-Ruta Pcial. N°1 Lote 570,Palpalá,JUJUY,,
Natural Life,https://ar.prvademecum.com/laboratorio/natural-life-435/,Av. San Martín 3033 /35,,Capital federal,4581-3940 / 2909,
Novartis,https://ar.prvademecum.com/laboratorio/novartis-469/,Ramallo 1851,Capital,,4703-7000,AFINITOR; AIMOVIG; AZARGA; AZOPT; CERTICAN; COSENTYX; DESFERAL; DUOTRAV; FABHALTA; FEMARA; FLAREX; GILENYA; GLIVEC; ILARIS; ISOPTO CARPINA 2%
Teva Argentina,https://ar.prvademecum.com/laboratorio/teva-argentina-15/,J.J.Castelli 6701,Munro,Bs. As.,4721-8100 (Líneas rotativas),AJOVY; ARENDAL 70; ARTOMEY; ARTOMEY DUO; ARTOMEY PLUS; ASTRODIL; ATEMPERATOR; AURENE; AXUAL; AXUAL 75 DIVIDOSIS; AZATEVA; AZILECT; BCG CULTIVO AJV; BEZALIP RETARD; BILECO
Valmax,https://ar.prvademecum.com/laboratorio/valmax-592/,Sub Oficial Perdomo 1619,Ituzaingó,Bs. As.,4621-1960/6910,BETAVALMAX; CLORHYP ATOM; IBUPROFENO VALMAX; IPRASALB; METOC; RADINA; RADINA DEX; SALBUNEB; VALMAFILO; VALMAX LAGRIMAS; VALMAX OJOS ROJOS; VALMEXINA
Cinetic,https://ar.prvademecum.com/laboratorio/cinetic-572/,Av. Triunvirato 2734/6,Capital,,4552-6260,
Lepetit,https://ar.prvademecum.com/laboratorio/lepetit-174/,Saladillo 2452 /2468,,Capital federal,4687-1051/1614/1553/1655/1481,ACIMED; ACIMED L; AXILEP; BIPROSOL; CIPROMED; CLONALEP; CLOPILEP; COTRIMOX; COTRIMOX FORTE; DESCANIL / ZOPICLONA 7.5MG; DIMENA; DIURAL; ELEVOPRAM; ENATRAL; ENATRAL D
Lersan,https://ar.prvademecum.com/laboratorio/lersan-175/,Saladillo 2452 Piso 3,Capital,,4687-2554/2559,DERMEXANE; DERMEXANE CAPILAR; MAXAIR; MAXIVENT; MICOPIROX; MICOPIROX LACA; OTEX HC; OTEX L; TIMODER HYDROGEL; VERRUFREE; VERRUPLANT; VETALONE
Kemex S.A.,https://ar.prvademecum.com/laboratorio/kemex-944/,Nazarre 3446,Villa del Parque,Capital federal,011-4138-1000,ANASTROZOL KEMEX; AZAMEX; BENDEL; BICALUTAMIDA KEMEX; BODABINA; BODACLER; BORTMEX; BUSULTEK; CARBOPLATINO KEMEX; CATZEN; CICLOFOSFAMIDA KEMEX 1000MG; CICLOFOSFAMIDA KEMEX 200MG; CISPLATINO KEMEX; CITARABINA KEMEX; DACARBAZINA KEMEX
Drog Disprhoba,https://ar.prvademecum.com/laboratorio/drog-disprhoba-836/,Montevideo 176,Capital,,5031-7800 /4374-3305,
Millet,https://ar.prvademecum.com/laboratorio/millet-871/,Fray J. Sarmiento 2350,Olivos,Bs. As.,4837-2900,102 +50; 102 FOCUS; 102 MAGNESIO; 102 MAGNESIO CITRATO; 102 MAGNESIO GUMMIES; 102 MUJER; 102 PLUS; 102 PLUS EFERVESCENTE; 102 SPORT BCAA; 102 VITAMINA C; 102 VITAMINA C SOBRES; ADEROGYL; ALERMUC; APASMO; APASMO COMPUESTO
Betterlife,https://ar.prvademecum.com/laboratorio/betterlife-872/,Roldán 466,Mar del Plata,Bs. As.,54-223-4743653,
Pharmalep,https://ar.prvademecum.com/laboratorio/pharmalep-411/,Saladillo 2453,,Capital federal,,STAMEL; TIAL; TIALSUR; TIALSUR PLUS
Fortbenton,https://ar.prvademecum.com/laboratorio/fortbenton-125/,Escalada 133,Capital,,4682-9376/9309/9380/3098 4635-0770,ACNESAN; ACNESAN DRY STICK; ALOEBEL; ALOEBEL LIP BALM; ALOEBEL UREA 10%; ALOEBEL-LIPMALBEX; ALOEBEL-REDENSIFICANTE; ALOEBEL-RETIN OIL; ANDROPEL; BIOQUERATIN; CICLOTETRYL; CISTALGINA; CISTEFORT; CISTIMAX GEL UNGUEAL; CUTA CREMA
Biofactor,https://ar.prvademecum.com/laboratorio/biofactor-960/,Girardot 1689,,Capital federal,4551-7110,AIMAFIX; AIRBUDE; AIRBUDE INFANTIL HFA + MAXAIR PED; AIRSALBU HFA; AT III KEDRION; EMOCLOT; EMOSINT 20; ENOPARIN; IG VENA; IMMUNORHO 300; TREXANET; UMAN ALBUMIN; UMAN COMPLEX; VITABREN B12
Klonal,https://ar.prvademecum.com/laboratorio/klonal-83/,Lamadrid 802,Quilmes,Bs. As.,4259-4252/4371 4251-1354,AMIKACINA KLONAL; AMIOCAR; AMLOTENS; AMOX-G; AMOX-G DUO; ANESTEX; ATENOBLOCK; AZITRONA KLONAL; BETASONE-G; BETASONE-G COMPUESTO; BETASONE-G FL; BETASONE-G RETARD; BROMEXIDRIL; BUPIVACAINA HIPERBARICA KLONAL; C M P  200
Sertex,https://ar.prvademecum.com/laboratorio/sertex-525/,Brown 2862,Rosario,SANTA FE,(0341) 4304519/4300215,
Dominguez,https://ar.prvademecum.com/laboratorio/dominguez-90/,Av. La Plata 2552,Capital,,4921-1030 (Líneas rotativas),5 ASA; 5 ASA 1000; 5 ASA 2000; 5 ASA 4GR; 5 ASA 500; 5 ASA 800; ACIFOL 1; ACIFOL 10; ACIFOL 5; ACIFOL FE; ACIFOL GOTAS; ACIFOL-B12; AFLUSAN; BAREX; BAREX 70
Lauria Merlino,https://ar.prvademecum.com/laboratorio/lauria-merlino-169/,Camarones 1824,Capital,,011-4859-8400,
Amenite,https://ar.prvademecum.com/laboratorio/amenite-589/,Caracas 4721,Capital,,4571-8410,
Geminis Farmac ,https://ar.prvademecum.com/laboratorio/geminis-farmac--652/,26 de Abril 3425,Ituzaingó,Bs. As.,(5411) 2150-6625,ACIVAL; AMLODICORD; ATORMAX 10; ATORMAX 20; ATORMAX 40; BEGAN 12; CARVICORD; DOLONEUTIN; DOLONEUTIN  PRACTIDOSIS; DOXIUM; EFLEVAR; FOLFIRIMOX; GEMI COMPLEX; GEMISTATIN; LOREBIL
Megalabs Arg ,https://ar.prvademecum.com/laboratorio/megalabs-arg--241/,Vuelta de Obligado 2775,,Capital federal,4781-2552 (Líneas rotativas),AEROGAL NRO. 4; AFONISAN; ALACIR; AMINOTERAPIA; AMINOTERAPIA ADVANCED; AMINOTERAPIA ADVANCED SHAMPOO; AMINOTERAPIA CAPILAR; ANGINOTRAT; ANILAR; APSICO; AQUATOP; ASOLMICINA.DOX; ATIPINA; BIOTIN A; CADOS
Aspen Pharma,https://ar.prvademecum.com/laboratorio/aspen-pharma-1019/,Tres arroyo 329 La Cantábrica,Haedo,Bs. As.,1155688960,AGRASTAT; ALDOMET; AMLOC; ARIXTRA; CARDURA; CELEBREX; DECA DURABOLIN; DETRUSITOL; EFEXOR XR; IMURAN; INSPRA; LANVIS; LAPENAX; LEUKERAN; LIPITOR
Ultra Pharma,https://ar.prvademecum.com/laboratorio/ultra-pharma-959/,Av. Iriarte 2727,,Capital federal,1143024666,CIPROFLOXACINA UPL; METRONIDAZOL UPL; SOLUCION MOLAR UPL; ULTRACICLIB
Mar,https://ar.prvademecum.com/laboratorio/mar-558/,Av. Gaona 3875,Capital,,4582-5090,
Farmacoop,https://ar.prvademecum.com/laboratorio/farmacoop-998/,Medina 138,C.A.B.A.,,1130743155,
Biocontrol,https://ar.prvademecum.com/laboratorio/biocontrol-419/,Fraga 1504,Capital,,4555-7585,
A.M. Farma Activ,https://ar.prvademecum.com/laboratorio/a-m-farma-activ-552/,Italia 743,Rosario,SANTA FE,(0341) 4255580,
Conifarma,https://ar.prvademecum.com/laboratorio/conifarma-779/,Pringles 10 Piso 4,,Capital federal,+541149839862 / +541149830534,CYSTAM 150 MG; CYSTAM 50 MG; GLUMIC; NITINE
Merck,https://ar.prvademecum.com/laboratorio/merck-806/,Tronador 4890 4to Piso,Capital,,4546-8167,BAVENCIO; CETROTIDE; CRINONE 8%; ERBITUX; GONAL-F 2.0 300 UI; GONAL-F 2.0 450 UI; GONAL-F 2.0 900 UI; MAVENCLAD; OVIDREL; PERGOVERIS PEN; REBIF NF; SAIZEN; TEPMETKO
Innovapharma,https://ar.prvademecum.com/laboratorio/innovapharma-940/,Av. Ejército Argentino 3495,Santo Tome,SANTA FE,0342-475 1745,
Biogen,https://ar.prvademecum.com/laboratorio/biogen-824/,Av. del Libertador 350 Piso 7,Vicente López,Bs. As.,5550-8172,AVONEX PEN; PLEGRIDY; SPINRAZA; TECFIDERA; TYSABRI
Cepage,https://ar.prvademecum.com/laboratorio/cepage-902/,Maipú 509,,Capital federal,4346-9700,
Bacon,https://ar.prvademecum.com/laboratorio/bacon-430/,Uruguay 136,Villa Martelli,Bs. As.,4709-0171,GREENBAC; OPACRILE 300; OPACRILE 370; VIEWGAM
Rospaw S.R.L.,https://ar.prvademecum.com/laboratorio/rospaw-721/,Santos Dumont 4744,Capital,,4856-7400 / 4857-1306,ACENOCOUMAROL ROSPAW; AMIPTRIL; AMLOPAW; APECUR; BIPERIDENO ROSPAW; CARVIPAW; CILOSPAW; CLONAZEPAM ROSPAW; CLOPIDOGREL ROSPAW; CLOZAPINA ROSPAW; DICLOFENAC POTASICO TAURO; DORMI-ROS; FAXIPAW; FENROS; GNO 30MG
Beta,https://ar.prvademecum.com/laboratorio/beta-30/,Av. San Juan 2266,Capital,,5921-6200 (Líneas rotativas),AGLUCIDE MR 60; ANDROLONE; ATEROCLAR; ATEROCLAR COMBI; ATERONOVA; AVAMIDE; AVAMIDE MET; AXIOMAT; BRINTENAL; CERELUC; CERELUC MET; CIPROVIT CALCICO; CIPROVIT MAGNESICO; CLAROVIL; CLAROVIL UD
Delier,https://ar.prvademecum.com/laboratorio/delier-957/,25 de Mayo 551 Piso 1 Dto. E,Morón,Bs. As.,11 5160 9479 / 114 081 8491,
Drog Drofar,https://ar.prvademecum.com/laboratorio/drog-drofar-760/,Av. Juan B. Justo 2713,Capital,,4855-6348/3564/2893,
Medipharma,https://ar.prvademecum.com/laboratorio/medipharma-185/,Calle 143 1435 e/61 y 62,La Plata,Bs. As.,(0221) 450-7267/2748,ACIPOUN ORAL; DIAZEPAM MEDIPHARMA; ELEBE; GLENTOR; HALOPERIDOL MEDIPHARMA; IODOMED; PERBEL; PROVAL; RIUCLONAZ; RUPOX; SUNONIX; VUNOT
Nutentar,https://ar.prvademecum.com/laboratorio/nutentar-878/,Vicente Lopez 226,Moron,Bs. As.,Tel: 114627-7550,
Drog Progen,https://ar.prvademecum.com/laboratorio/drog-progen-767/,Alsina 1777,Capital,,6091-6600 0810-222-7764,
Rovafarm,https://ar.prvademecum.com/laboratorio/rovafarm-810/,Bouchard 710 Piso 11,,Capital federal,4318-9629,ELGYDIUM DIENTES SENSIBLES; ELGYDIUM JUNIOR; ELGYDIUM PROTECCION CARIES DENT; ELUGEL; PANSORAL; PARODIUM
Scott Pharma S.A.,https://ar.prvademecum.com/laboratorio/scott-pharma-882/,Bahia Blanca 780,,Capital federal,4672-5999,HIOSCINA SCOTT; NEO STG; REDORMIN
Genomma,https://ar.prvademecum.com/laboratorio/genomma-794/,Gdor. Valentín Vergara 403 2º,Vicente Lopez,Bs. As.,5295-9150,ALERMINA; BENGUE DESINFLAMANTE; BENGUE SIN OLOR; BENGUE ULTRA; GENOPRAZOL; GENOPRAZOL PLUS; IBU 400; IBU 400 PLUS; IBU 600; LAFEDRYL V2; LOMECAN CREMA VAGINAL; LOMECAN FLUCO; LOMECAN OVULOS; NEXT; NEXT AB
Drog Seiseme,https://ar.prvademecum.com/laboratorio/drog-seiseme-759/,Av. San Martin 3116,L. del Mirador,Bs. As.,4699-2504/1708/1268/1167,
Teingro,https://ar.prvademecum.com/laboratorio/teingro-750/,Suipacha 60 /62 Bis,Rosario,SANTA FE,54-341-4373700/4370965,
Donato Zurlo,https://ar.prvademecum.com/laboratorio/donato-zurlo-461/,Virgilio 844,Capital,,4639-8540,
Temis Lostalo,https://ar.prvademecum.com/laboratorio/temis-lostalo-292/,Zepita 3178,Capital,,6344-1300/01/02/03/04/05 Compras: 6344-1225,AFENEXIL; ASEPTOBRON; ASEPTOBRON ANTIGRIPAL FORTE; ASEPTOBRON C PLUS; ASEPTOBRON INHALACIONES; BARIO DIF CITRATADO; BEAPLEN 10; BEAPLEN 20; BRONCOLIUM; CALPRES; CEBROCAL; CISTIL; COLPOESTRIENE; COLPOESTRIOL; CONTOUR PLUS ELITE
Vent 3,https://ar.prvademecum.com/laboratorio/vent-3-299/,Juan D. Jufré 4820,Secc. 4a. Bo. José I. Díaz,CORDOBA,(0351) 497-2251/2955/6325/9030,
Lagos,https://ar.prvademecum.com/laboratorio/lagos-166/,Uspallata 2678,Beccar,Bs. As.,4719-6002/7853,
Schafer,https://ar.prvademecum.com/laboratorio/schafer-809/,25 de Mayo 259,Gualeguay,ENTRE RIOS,0344-424628,CARBON BELLOC
Betterinside,https://ar.prvademecum.com/laboratorio/betterinside-1034/,Barrio Altos de la Ribera - L13,Santo Tomé,SANTA FE,342- 5224382 / 342-5439264,
Boeh Ingel ,https://ar.prvademecum.com/laboratorio/boeh-ingel--43/,Cazadores de Coquimbo 2841 Piso 2,Munro,Bs. As.,4704-8600,ACTILYSE; ATROVENT HFA; BERODUAL HFA; BEROTEC HFA; COMBIVENT SOLUCION SM; GIOTRIF; GLYXAMBI; JARDIANCE; JARDIANCE DUO; METALYSE; MICARDIS; MICARDIS AMLO; MICARDIS PLUS; OFEV; PRADAXA
Garre Guevara,https://ar.prvademecum.com/laboratorio/garre-guevara-887/,Av. Callao 322 Piso 2,CABA,,5368-1843,
Elea Phoenix S.A.,https://ar.prvademecum.com/laboratorio/elea-105/,Av. Gral J.G. Lemos 2809,Los Polvorines Villa de Mayo,Bs. As.,4489-8300,3-TC/AZT ELEA; 8 HORAS; ABACAVIR ELEA; ABARAX; ABIRANOVA; ACALANIB; ADERMICINA; ADERMICINA A; ADERMICINA AE; ADERMICINA ANTI ACNE; ADERMICINA CUIDADO FACIAL; ADERMICINA JABON LIMPIEZA FACIAL; AEROXINA; AEROXINA SUSPENSION; AEROXINA U.D.
Biosintex S.A.,https://ar.prvademecum.com/laboratorio/biosintex-688/,Salom 657,Capital,,4301-2251,BIOCORT; BUCOANGIN FORTE SIN AZUCAR; DIROLAC SL; FERROLOGIC (VENOFER); FORZAK; GINEZOLEX; GINEZOLEX INTIMO; KETOLEF; KLOMADEX; LABIODERM; LACRIGESTINA COLIRIO; LACRIGESTINA LAGRIMAS; MIDERMUS ATOP; MIDERMUS DBT; MIDERMUS PROTECTOR FACIAL
Ibero Americano SA,https://ar.prvademecum.com/laboratorio/newtec-1037/,Falistoco Cesar y Antonio 2735,Tandil,Bs. As.,0249-442-9627,AMPI SULBA NEWTEC; AMPICILINA NEWTEC; CEFALOTINA NEWTEC; CEFAZOLINA NEWTEC; CEFTAZIDIMA NEWTEC; CEFTRIAXONA NEWTEC; PIPERTAZO NEWTEC
Web Supplements,https://ar.prvademecum.com/laboratorio/web-supplements-847/,Obispo Salguero 507,,CORDOBA,0351 4696858,
Fitoplasma,https://ar.prvademecum.com/laboratorio/fitoplasma-1029/,Av. Belgrano 2564,Don Torcuato Tigre,Bs. As.,01147274644,
Pgn,https://ar.prvademecum.com/laboratorio/pgn-615/,O'Brien 1246,Paraná,ENTRE RIOS,0343-4372814/4030004/77,
Roche,https://ar.prvademecum.com/laboratorio/roche-250/,"Rawson 3150 (Panamericana Ruta 9 - Km 34,5)",Ricardo Rojas,Bs. As.,(5411) 5129-8000,ACCU-CHEK ACTIVE GLUCOSA; ACCU-CHEK ACTIVE KIT; ACCU-CHEK FASTCLIX; ACCU-CHEK FASTCLIX KIT; ACCU-CHEK GUIDE; ACCU-CHEK PERFORMA; ACCU-CHEK PERFORMA CONTROL; ACCU-CHEK SMARTGUIDE; ACCU-CHEK SOFTCLIX; ACCU-CHEK SOFTCLIX NEW LANCETS; ACTEMRA; ACTEMRA SC; AGUJAS ACCU-FINE; ALECENSA; AVASTIN
Shire Argentina,https://ar.prvademecum.com/laboratorio/shire-argentina-961/,Boulevard Cecilia Grierson 255 Piso 4,Pto.Madero,Capital federal,+54 11 3753 4400 / 3753-4413 Directo,
Austral,https://ar.prvademecum.com/laboratorio/austral-368/,Av. Olascoaga 951,Neuquén,NEUQUEN,(0299) 448-2090/2091,ADENIL; AEROLEP; AESIM 200; AMOXITRAL; AZITROX; BANOCLUS GEL; DICLOLAM; DICLOLAM GEL; IBU APRACUR; IBU APRACUR 800; IBU APRACUR FORTE; MICOTRAL; POLI B FUERTE; PRAZITRAL; PROSTANIL
Omicron S.A.,https://ar.prvademecum.com/laboratorio/omicron-763/,Calle 23 Esquina Calle 66,San Martín Villa Zagala,Bs. As.,4752-5081 / 4754-1043,ALGINOPROX; ALUDROX II; AMODORMIN; AMODORMIN; CAMINOL LIQUIDO; CHACK; CORTAGRIP; CORTAGRIP C; DERMXINFANTIL; FLOGODISTEN; FLOGODISTEN DUO; GEMIPASMOL; GOTINASAL; HEADON 50; IBUBENITOL 400
Spineda,https://ar.prvademecum.com/laboratorio/spineda-220/,Zado 3735,Villa Urquiza Capital,,4572-2902 4573-0529,
Argenfarma,https://ar.prvademecum.com/laboratorio/argenfarma-320/,Monteagudo 1091,Villa Bosch,Bs. As.,4844 9689/7363,
Drog Garzon,https://ar.prvademecum.com/laboratorio/drog-garzon-699/,Av. Juan B. Alberdi 5840,Capital,,4635-9600,
Pharma Alioth,https://ar.prvademecum.com/laboratorio/pharma-alioth-976/,Av. Independencia 1511 Piso 1,C.A.B.A.,,+541152536707,
Donnax Group,https://ar.prvademecum.com/laboratorio/donnax-group-996/,Dorrego 4341,Mar del Plata,Bs. As.,0223-475-0375,DROPLET AGUJAS PARA PLUMA; DROPLET LANCETAS PERSONALES; GLUCONAVII GDH; MEDISAFE SOLO
Hoch Wertig,https://ar.prvademecum.com/laboratorio/hoch-wertig-828/,San Luis 2517,Córdoba Bº Alto Alberdi,CORDOBA,0351-4887143,
LKM S.A.,https://ar.prvademecum.com/laboratorio/lkm-159/,Colectora Panamericana Este 1925,San Isidro,Bs. As.,4719-1100,AGUCORT; AKYNZEO; BENDAM; BLEOCRIS 15; BOZOB; BUDENOFALK; CAPEBINA; CARBOPLATINO LKM; CICLOFOSFAMIDA LKM 1000MG; CISPLATINO LKM; CRESEMBA; CRISAPLA; DETAVI; DOLECTRAN NF; DOLUFEVIR 50
Finadiet,https://ar.prvademecum.com/laboratorio/finadiet-123/,Hipólito Yrigoyen 3771,Capital,,4981-5444/5544/5644/0860/0201,ALVEOTEROL; ALVEOXINA 1M; ALVEOXINA 2M; AMBRISENEX; ATEXA; BIFORT; BIFORT-M; BOFINTAN; CALMADOR; CALMADOR 100; CALMADOR CB; CALMADOR DEX; CALMADOR PLUS; CALMADOR RETARD; CAPILFOR
Dr Gray,https://ar.prvademecum.com/laboratorio/dr-gray-92/,Thames 372 Piso 1,Capital,,11-6756-0011 4854-8153,"ACPAN; ALPROSTADIL GRAY; ANALMORPH; ATRACURIO; CAINA G 0,50% INYECT. C/EPI.; CAINA-G 0.50% HIPERBARICA; CLONIDINA GRAY; DOBUTAMINA GRAY; DURAMORPH; FENILEFRINA GRAY; FENTANILO GRAY; GRAYXONA; INDUCMINA 500; ISOPROTERENOL; LIGNOCAINA 1%"
Janssen Cilag,https://ar.prvademecum.com/laboratorio/janssen-cilag-157/,Mendoza 1259,Capital,,4789-7200,BALVERSA; CONCERTA; DAKTARIN; DARZALEX; DARZALEX SC; DUROGESIC D-TRANS; ERLEADA; HALOPIDOL; HALOPIDOL DECANOATO; IMBRUVICA; INTELENCE 200; INVEGA; INVEGA SUSTENNA; INVEGA TRINZA; INVOKANA
Drog Francesa,https://ar.prvademecum.com/laboratorio/drog-francesa-803/,Calle 14 2750 Esq. 127 A,Berazategui,Bs. As.,4256-7615 4216-9654,
Sidus,https://ar.prvademecum.com/laboratorio/sidus-274/,Av. Dardo Rocha 944,Martinez,Bs. As.,4796-6800,BIGLUCEM AP; CARDIVAS; CISPLATINO DELTA FARMA; CYCLOPARIN; DECADRON CON CIPROFLOXACINA; DECADRON CON NEOMICINA; DECADRON CON TOBRAMICINA; DORZOFLAX; EFECORYL FORTE; ELGYDOL; ELGYMOX; ELGYMOX CLAV; ELGYMOX DUO; ETOREX; ETUMINA
Roemmers,https://ar.prvademecum.com/laboratorio/roemmers-251/,Fray J. Sarmiento 2350,Olivos,Bs. As.,4346-9700,ABAXON; ACALIX; ACALIX A.P.; ACALIX CRONOS; ACUS; AGLIPTIN; AGLIPTIN MET; ALLOPURINOL 100 CRAVERI; ALLOPURINOL 300 CRAVERI; ALVERIN; AMOXIDAL; AMOXIDAL DUO; AMOXIDAL DUO MUC; AMOXIDAL RESPIRATORIO; AMOXIDAL RESPIRATORIO DUO
Gemepe,https://ar.prvademecum.com/laboratorio/gemepe-446/,Jovellanos 886,Capital,,5281-6900,ACICLOVIR GEMEPE; ADENOSINA GEMEPE; AMPICILINA GEMEPE; AMPICILINA SULBACTAM GEMEPE; ATRACURIUM GEMEPE; BABY FACT B; BICARBONATO DE SODIO MOLAR GEMEPE; BUPIVACAINA GEMEPE; BUPIVACAINA HIPERBARICA; CEFALOTINA GEMEPE; CEFTRIAXONA GEMEPE; CILASTATINA GEMEPE; DOBUTAMINA GEMEPE; ETILEFRINA CLORHIDRATO GEMEPE; FENITOINA GEMEPE
Benitol,https://ar.prvademecum.com/laboratorio/benitol-29/,Felipe Vallese 3340,Capital,,4671-9590/8011,
Fucus,https://ar.prvademecum.com/laboratorio/fucus-128/,Santiago del Estero 3117 Esq. Panameric.,Martínez,Bs. As.,4717-6501,
Nipro,https://ar.prvademecum.com/laboratorio/nipro-912/,Fondo de la Legua 936,Martinez,Bs. As.,011 4500-1500,GOCHEK2; NIPRO PREMIER; NIPRO PREMIER ALPHA
Natufarma,https://ar.prvademecum.com/laboratorio/natufarma-198/,Simón de Iriondo 3326,Esperanza,SANTA FE,(03496) 420065/420495/420153/421335,
Hemoderivados,https://ar.prvademecum.com/laboratorio/hemoderivados-140/,Av. Valparaíso S/N,Ciudad Universitaria,CORDOBA,(0351) 433-4122/23 433-3034/35,GAMMA ANTI-RHO UNC
Max Vision,https://ar.prvademecum.com/laboratorio/max-vision-788/,Ruiz Huidobro 2762,Capital,,4702-2862 / 4703-4246,ALKET; ALOSOL; ANTILERG; AZOMICINA; BRIT; BRIXIA; CIPOS 0.1%; COOL GEL; COOL TEARS; DIABO; FENAC; FLOMOX; GLAUCOPROST; GLAUCOSTAT; GLAUCOSTAT T
Patejim,https://ar.prvademecum.com/laboratorio/patejim-671/,Crespo 3262,Capital,,4919-2200 4918-8438,
Cassara,https://ar.prvademecum.com/laboratorio/cassara-57/,Carhué 1096,Capital,,4641-5404/0505/5362 4642-7409,5 FU; AEROTROP; AGB 10MCG; AGB 20MCG INYECTABLE; ALFABASE 8; ALFACORT; ALFACORT 1%; AMOXOL; AMOXOL DUO; AMOXOL DUO COMPRIMIDOS; ANAGEN; ANAGEN 5%; ARVAC; ASPIRE; ATOPIX
Fabra,https://ar.prvademecum.com/laboratorio/fabra-112/,Carlos Villate 5271,Munro,Bs. As.,4756-7293/4153 4512-5573/5574,ADRENOL; ADRENOL FORTE; ALLOPURINOL FABRA; AMPIGEN; AMPIGEN SB; AMPIGEN SIMPLE; ANGIOFILINA; ATORVASTATINA FABRA; BENISAN; BUTA RUT B12; BUTASONA FABRA; BUTASONA FABRA R.L.; CANDIDIAS; CARBAMAZEPINA FABRA; CEFADROXILO FABRA
Dr Madaus,https://ar.prvademecum.com/laboratorio/dr-madaus-418/,Av. Luis María Campos 585,Capital,,4772-2428,
Futerman Int ,https://ar.prvademecum.com/laboratorio/futerman-int--626/,H. de la Quintana 827,Rosario,SANTA FE,(011) 52580213 / 52580214 / 52580243 / 52580246,CIENTIFIC SYNOVIAL
Frasca,https://ar.prvademecum.com/laboratorio/frasca-127/,Galicia 2652 /64/66,,Capital federal,4581-6100,AMITRIPTILINA CEVALLOS; BACLOFENO CEVALLOS; BIPERIDENO CEVALLOS; CLORPROMAZINA CEVALLOS; CREMA DE BISMUTO CEVALLOS; DICLOFENAC CEVALLOS; FLUOXETINA CEVALLOS; LEVOMEPROMAZINA CEVALLOS; SERTRALINA CEVALLOS; TOPIRAMATO CEVALLOS
Internacional Argentino,https://ar.prvademecum.com/laboratorio/lab-int-arg--904/,Av.12 de Octubre 4444,Quilmes,Bs. As.,(011) 15 4042 1821,AEROVIAL HFA; AIRCOSALM HFA; ALSEL; BLEFASKIN; CELU-ATLAS; DORLAMIDA; DORLAMIDA T; ENOXANORTH; EPIOFTAL; ERITROMICINA ATLAS; ESTRI-ATLAS; FENIPRED ACETATO; FORMOVENT + BUDE; GLAUCOGESIC; GLAUCOGESIC T
Newpga,https://ar.prvademecum.com/laboratorio/newpga-521/,Gobernador Ugarte 3561,Munro,Bs. As.,4721-8500,FIXODENT ORIGINAL; VICK VAPORUB; VICK VITAPYRENA; VICK VITAPYRENA FORTE; VICK VITAPYRENA MANZANILLA
Merz,https://ar.prvademecum.com/laboratorio/merz-963/,Juan Diaz de Solis 1860 Piso 3 Of. 1,,Bs. As.,11-2152-3120,
Syemed,https://ar.prvademecum.com/laboratorio/syemed-1016/,Franklin D. Roosevelt 3430,,Capital federal,1167490061,
Cetus,https://ar.prvademecum.com/laboratorio/cetus-60/,Querandíes 4275,Capital,,4958-3412/14/16,AFEME; ARNOL 720-T; BELMALEN; BELMALEN PLUS; BESTROL; BICROMIL; BITECAIN AA; CETIRIZINA CETUS; CORIZINA CETUS; CUADEL; DAGOL CETUS; FAGOLIP PLUS; FLAVAL; IONET; KINETIDOM
Filaxis,https://ar.prvademecum.com/laboratorio/filaxis-821/,Helguera 2756,Capital,,4505-0909,ACTIMIB; ANASTROZOL FILAXIS; CAPECITABINA GP PHARM; CARBOPLATINO FILAXIS; CICLOFOSFAMIDA FILAXIS; CISPLATINO FILAXIS; CITOFIN; DOCETAXEL FILAXIS; DREICO; ETOPOSIDO GP PHARM; FLUOROURACILO FILAXIS; FLURADOSA; HAXANIT; IFOSFAMIDA FILAXIS; IMATINIB GP PHARM
Pharmadorf,https://ar.prvademecum.com/laboratorio/pharmadorf-657/,Av. Libertador 8630 9º Depto. 3,C.A.B.A.,,4551-6018 4554-6885,AVANCEL; CERVILANE; CIPROFLOXACINA D DORF; CIPROFLOXACINA DORF; CREMOQUINONA CICATRICES; CREMOQUINONA DIA; DEXAMETASONA DORF; DIENOPIL 28; DORZOLAMIDA T DORF; DROLZEN; EDICTUM; FLAGYL; FOLINEMIC; FREX CLEAN-T; GIARDIL
Eriochem,https://ar.prvademecum.com/laboratorio/eriochem-757/,Ruta 12 Km 452,Paraná Colonia Avellaneda,ENTRE RIOS,0343-4979125,ERIOGEM; ERIOLAN; ERIOPHOS; ERIOX; EUGENE; GOXYRAL; MARTXEL; VINOREL
Laboratorio Ena,https://ar.prvademecum.com/laboratorio/laboratorio-ena-542/,Florida 1595,Bahía Blanca,Bs. As.,(0291) 488-8207,
Drog Del Sud,https://ar.prvademecum.com/laboratorio/drog-del-sud-780/,Humberto 1º 1868,Capital,,4309-9100,
Sanofi Aventis,https://ar.prvademecum.com/laboratorio/sanofi-aventis-571/,Cuyo 3532,Martinez,Bs. As.,4732-5000,ALDURAZYME; AUBAGIO; CAPRELSA; CERDELGA; CEREZYME; CLEXANE; DUPIXENT; FABRAZYME; FASTURTEC; INSULINA APIDRA SOLOSTAR; INSULINA LANTUS SOLOSTAR; JEVTANA; KEVZARA; LASIX; LEMTRADA
Bristol M S ,https://ar.prvademecum.com/laboratorio/bristol-m-s--48/,Av. Libertador 101 6º,V. López,Bs. As.,5198-8400,ABRAXANE; CAMZYOS; NULOJIX; OPDIVO; OPDIVO SC; OPDUALAG; ORENCIA; REBLOZYL; REVLIMID; SOTYKTU; SPRYCEL; YERVOY
Vannier S A ,https://ar.prvademecum.com/laboratorio/vannier-s-a--372/,H. Yrigoyen 2321 5to. Piso,Capital,,1553409099,"ACIDO FOLICO VANNIER 1; ACIDO FOLICO VANNIER 10; ACIDO FOLICO VANNIER 5; AMITIE; AMLODIPINA VANNIER 10; AMLODIPINA VANNIER 5; ARIPIPRAZOL VANNIER; ATENOLOL VANNIER; BECEDE 0,5; BECEDE 1; BECEDE 2MG; BIPERIDENO VANNIER; BROI; CALCIO BASE VANNIER; CARVEDILOL VANNIER"
Drog Distrisam,https://ar.prvademecum.com/laboratorio/drog-distrisam-755/,Tres Arroyos 641 P.B.,Capital,,4582-5999 4584-0458,
Gemabiotech,https://ar.prvademecum.com/laboratorio/gemabiotech-924/,Av. Sgo. My. Cayetano Beliera 3025,Pilar,Bs. As.,0230 4385600 - 15 23107745,"ALBUTEIN 20%; ANFOTAR LIPOSOMAL; ATENFE; ENERCEPTAN; ENERGAVIT; FANHDI; FOLITIME; GRININE; HEMASTIM P; LIBENDE; LUTRATE 22,5; LUTRATE 3,75; MODISMUNE LP; NEUTROPINE; PEG NEUTROPINE"
Rigecin,https://ar.prvademecum.com/laboratorio/rigecin-246/,Cachi 1204,,Capital federal,4911-7274/9771,
Rossmore Pharma,https://ar.prvademecum.com/laboratorio/rossmore-pharma-858/,José Cubas 3351,Capital,,4574-4455 / 4477,ADIKAN; DOMEKA; DOSNE; DRIMAVIN; DUNLEY; ESIEN; NEOTINA; SINASTAL; TANESA; URSOTOP
Denver Farma,https://ar.prvademecum.com/laboratorio/denver-farma-367/,Natalio Querido 2285,Munro,Bs. As.,4756-5436 / 5295 - 4762 / 3877,"ALIVIAFLEB 500; ALIVIALUX; ALIVIAMAX; ALIVIAPRES; ALIVIATOS; ALPRAZOLAM DENVER FARMA 0,5; ALPRAZOLAM DENVER FARMA 1; ALPRAZOLAM DENVER FARMA 2; ANTIHEMORROIDAL DENVER FARMA; ASMABRON; ASMABRON C/CONTADOR DE DOSIS; BECIADIC; BUDESONIDA DF BRONQUIAL; BUDESONIDA DF NEBU; CARBAMAZEPINA DENVER FARMA"
Nutrivate,https://ar.prvademecum.com/laboratorio/nutrivate-1026/,Alvarado 2727,C.A.B.A.,,114302-5757,
Gasana S.R.L.,https://ar.prvademecum.com/laboratorio/gasana-131/,Sargento Cabral 1249,Ramos Mejía,Bs. As.,11 4658-9376,
Celina,https://ar.prvademecum.com/laboratorio/celina-426/,Charrúa 3124,Capital,,4918-4932,
Vsa Alta Compl ,https://ar.prvademecum.com/laboratorio/vsa-alta-compl--1021/,Ernesto de las Carreras 2459,Beccar,Bs. As.,54 114723-4433,
Bernabo,https://ar.prvademecum.com/laboratorio/bernabo-190/,Terrada 2346,Capital,,4501-3213/18 4501-3278/79,ALELI; ALIDASE; ALIPAS; ALIPAS DUO; AMAPOLI; AMIXEN 1G; AMIXEN 500; AMIXEN 750; AMIXEN AC; AMIXEN CLAVULANICO; AMIXEN DUO; AMIXEN PLUS; ANIMEX-ON; ARTERIOSAN; ARTERIOSAN COMPUESTO
Glenmark,https://ar.prvademecum.com/laboratorio/glenmark-612/,Calle 9 Ing. Meyer Oks 593 Pque. Ind.Pilar,Pilar,Bs. As.,0230-4529555,ABIRATERONA GLENMARK; ANASTROZOL GLENMARK; BORTEZOMIB GLENMARK LPU; CAPECITABINA GLENMARK; CARBOPLATINO GLENMARK; CARFILZOMIB GLENMARK; CISPLATINO GLENMARK; DOCETAXEL GLENMARK; DOCETAXEL GLENMARK LPU; DOXORUBICINA GLENMARK; GEMCITABINA GLENMARK; IRINOTECAN GLENMARK; LETROZOL GLENMARK; OXALIPLATINO GLENMARK; PACLITAXEL GLENMARK
Ethicus,https://ar.prvademecum.com/laboratorio/ethicus-110/,Joaquín V. González 673,Godoy Cruz,MENDOZA,(0261) 4525321/4221027,
Northia,https://ar.prvademecum.com/laboratorio/northia-203/,Madero 135,Capital,,4644-0911 (Líneas rotat.) 4016-4200,ACTIRELAX NORTHIA; AMICACINA NORTHIA; AMIODARONA NORTHIA; AMPI-BIS; AMPI-BIS PLUS; ANFOTERICINA B NORTHIA; ARECAMIN; ATRACURIUM NORTHIA; BEMICIN; BIOTERAL; CEFACOLIN; CEFAZOLINA NORTHIA; CEFEPIME NORTHIA; CEFTAZIDIMA NORTHIA; CIFESPASMO
Biopas,https://ar.prvademecum.com/laboratorio/biopas-931/,Magallanes 1039,,Capital federal,11 4301 9701,ATACAND; ATACAND D; BRINTELLIX; BRIVIACT; CIRCADIN; CLOPIXOL; CLOPIXOL ACUPHASE; CLOPIXOL DEPOT; CUROSURF; EBIXA; FAMPYRA; IXEMPRA; KONAKION MM; LEXAPRO; LEXOTANIL
Siegfried,https://ar.prvademecum.com/laboratorio/siegfried-1007/,Fray Justo Sarmiento 2350,Olivos,Bs. As.,0810-333-5431,ACANTEX; ACEMUK; ACEMUK 200; ACEMUK BIOTIC; ACEMUK BIOTIC DUO; ACEMUK DIA Y NOCHE; ACEMUK GRIP; ACEMUK JARABE; ACEMUK L; ACERPES; ACERPRES CREMA; ACI-TIP; ACNECLIN; ACNECLIN 100 AP; ACNECLIN PBA
Aponor,https://ar.prvademecum.com/laboratorio/aponor-935/,Olivé 836,Rosario,SANTA FE,0341-4376004/09,
Drog Nexofarma,https://ar.prvademecum.com/laboratorio/drog-nexofarma-781/,Av. Triunvirato 4035,Capital,,4524-7717/7707/7666,
Quim Luar,https://ar.prvademecum.com/laboratorio/quim-luar-473/,Av. Japon 1790,Capital B° Guiñazu,CORDOBA,0351-4994225 / 4995630,
Wunderpharm S.R.L.,https://ar.prvademecum.com/laboratorio/wunderpharm-wp-485/,Remedios 5322,Capital,,4635-6078,
Servier,https://ar.prvademecum.com/laboratorio/servier-154/,Av. Del Libertador 5926 Piso 8,,Capital federal,4706-5800,COMBICOL; COVERAM; COVERENE; COVERENE 10; DAFLON 1000; DAFLON 500; DIAMICRON MR 60; LONSURF; NATRILIX SR; ONCASPAR; ONIVYDE; PRETERAX; PRETERAX 10; PRETERAX 5; PROCORALAN
Rontag,https://ar.prvademecum.com/laboratorio/rontag-254/,Panamá 2121,Martinez,Bs. As.,5194-8045,AMPAKINE; ANALERG; ARLEMIDE; AUROBRAL; AXOKINE; AZATIOPRINA RONTAG; BILANZ; CABERPAR; CARBAMAT; CREOSEDIN; D.A.P.S.; DATEVAN; DEFAS; GANAVAX; INDOTEX
Tecsolpar,https://ar.prvademecum.com/laboratorio/tecsolpar-922/,Ruta 226 Km 47,Puerta del Abra Balcarce,Bs. As.,0223-4106812,
Astrazeneca,https://ar.prvademecum.com/laboratorio/astrazeneca-19/,Nicolás de Vedia 3616 Piso 8,C.A.B.A.,,4460-9100,ARIMIDEX; BELOZOK; BREZTRI AEROSPHERE; BRILINTA; CALQUENCE; CASODEX; CRESTOR; ENHERTU; ETIASEL; ETIASEL XR; FASENRA; FASLODEX; FORXIGA; FREVIA; IMFINZI
Labsa,https://ar.prvademecum.com/laboratorio/labsa-701/,Gral. Tomás Guido 2563 /81,Burzaco Pque.Ind.Alte.Brown,Bs. As.,4299-8973 4238-4525,ALPRAZOLAM LABSA; ANTITUSIVO FORTE LABSA; ANTITUSIVO L LABSA; ANTITUSIVO LABSA; AZITROLABSA 200; AZITROLABSA 500; BIOLABSA 1000; BIOLABSA 250; BIOLABSA 500; BIOLABSA BRONQUIAL; BIOLABSA DUO; BIOLABSA PLUS; CEFALEXINA LABSA; CIPROLABSA 500; CIPROLABSA D OFTAL
Tuteur,https://ar.prvademecum.com/laboratorio/tuteur-325/,Encarnación Ezcurra 365 Piso 3,Puerto Madero Capital,,5787-2222,AGACEL; ALAMUR; ANTORIL; BITERA; BORATER; BRIDUL; BRUZOLIX; BRYSENTIS; BUCCOLAM; CARBAGLU; CARBOPLATINO TUTEUR; CECALTER; CENDALON; CIELDOM; CISPLATINO TUTEUR
Valar,https://ar.prvademecum.com/laboratorio/valar-863/,Calle 48 y 168 s/n Pue.Ind.Berisso,Berisso,Bs. As.,+54 9 221 409 6373,AFLIMET; ALPRIM; AZITECH; CAPTECH; EXEM; IDULEA CON ADHEFILM SOLUCION; IDULEA UNGÜENTO; INGERINIB; LOPRADEP; NERO; PACLITAXEL BIOTECHNO PHARMA; PRAMIP; TIAGREL; TREXTECH; TROTECH
Rofina,https://ar.prvademecum.com/laboratorio/rofina-252/,Fray J. Sarmiento 2350,Olivos,Bs. As.,4344-9500,
Ronnet,https://ar.prvademecum.com/laboratorio/ronnet-630/,José Enrique Rodó 5940,Capital,,4687-7007,ALGIODENT COLUTORIO; ATELSTA; CALMURID; CESTROPAN; CICATRIZOL; CLIACIL; CLIACIL 1000; GLIFAPEN; LAXANET; MYCANDEN; MYCANDEN CREMA; NALGIFLEX; NALGIFLEX 75; NALGIFLEX GEL; NALGIFLEX RELAX
Ugal,https://ar.prvademecum.com/laboratorio/ugal-943/,Larrea 1261,Ramos Mejía,Bs. As.,4488-9163 / 3971-5975 / 2204-8161,CIPROFLOXACINA UGAL; METRONIDAZOL UGAL
Veinfar I.C.S.A.,https://ar.prvademecum.com/laboratorio/veinfar-298/,Av. Piedrabuena 4190,V. Lugano C.A.B.A.,,4601-6910/1172/4298,ADRENALINA LARJAN; AMIKACINA LARJAN; AMIODARONA LARJAN; AMPICILINA; AMPICILINA SULBACTAM; CAFEINA LARJAN; CEFALOTINA LARJAN; CEFTAZIDIMA LARJAN; CEFTRIAXONA; CLINDAMICINA LARJAN; CLONIDINA LARJAN; CLONIXINATO DE LISINA LARJAN; CLORURO DE POTASIO LARJAN; CLORURO DE SODIO LARJAN; DIAZEPAM LARJAN
Alcon,https://ar.prvademecum.com/laboratorio/alcon-4/,Alicia M. de Justo 240 Piso 2º,Capital,,4318-7200,ALCON ATROPINA 1%; ALCON LAGRIMAS II; ALCON MYDRIL 1%; ANESTALCON; AOSEPT PLUS CON HYDRAGLYDE; MIRUS; OPTI-FREE EXPRESS; OPTI-FREE PUREMOIST; RHOPRESSA; ROCLANDA; SYSTANE; SYSTANE BALANCE; SYSTANE COMPLETE SP; SYSTANE GEL EN GOTAS; SYSTANE HIDRATACION SP
Hiperfarm,https://ar.prvademecum.com/laboratorio/hiperfarm-472/,Guevara 1347,Capital,,4555-3366 (Líneas rotativas),
Pharmos,https://ar.prvademecum.com/laboratorio/pharmos-225/,Saladillo 2450,Capital,,4687-1051/1614/1553/1655/1461,
Ethical Nutrit ,https://ar.prvademecum.com/laboratorio/ethical-nutrit--954/,Fray J. Sarmiento 2350,Olivos,Bs. As.,5296-9359,BIOGAIA; BIOGAIA C/VIT D; BIOGAIA COMP. MASTIC.; BIOGAIA FARENTIS KIDS; NUTRAMIGEN LGG; NUTREX CC; NUTREX EPS; NUTREX MDX; NUTREX TCM; NUTRIBABY MAMA DHA; NUTRIBIO; NUTRIBIO DBT; NUTRIBIO KIDS; OSTELIN ACD; OSTELIN POTENCIA 100
Cabuchi,https://ar.prvademecum.com/laboratorio/cabuchi-52/,Tucumán 1301 esq. San Juan,Jesús María,CORDOBA,(03525) 445901,
Fecofar,https://ar.prvademecum.com/laboratorio/fecofar-119/,Av. Presidente Perón 2742,San Justo,Bs. As.,4482-5522/5493/5483,ALERGITRAT; ALERGITRAT C; ALERGITRAT L; ALERGITRAT L CAPSULAS BLANDAS; AMOXICILINA DUO FECOFAR; AMOXICILINA FECOFAR; ANTIPRESOL; ANTIPRESOL A; ANTIPRESOL D; BIDEON; BIDEON BIOTIC; BIDEON BIOTIC PLUS; BIDEON FREE; BIDEON LAGRIMAS; BIDEON OJOS ROJOS
Isa,https://ar.prvademecum.com/laboratorio/isa-373/,Av. Larrazábal 1848,Capital,,4683-8888 (int 114),+50; 4 X 4; ALGISTOP; ATORVASTATINA ISA; BISTRONFOR; BUENAS NOCHES; CARTIFLEX; CREATINA STIKS; DIA D; DOLO PARACETAMOL; GLUCOCARTIFLEX; GLUCOCARTIFLEX; HERBACCION GINKGO FORTE; HERBACCION MEMORY; HERBACCION SEDANTE
Kilab S.R.L.,https://ar.prvademecum.com/laboratorio/kilab-641/,Carlos M. Ramírez 1544 /46,,Capital federal,4919-8112 / 9876 / 6664 / 7891,AKITROPIO; AMPICILINA+SULBACTAM KILAB; CBD CREAM KILAB CANNABIDIOL; CEFALOTINA KILAB; CEFAZOLINA KILAB; CEFEPIME KILAB; CEFOTAXIMA KILAB; CEFTAZIDIMA KILAB; CEFTRIAXONA KILAB; CLONAZEPAM KILAB; DICLOFENAC KILAB; FENTANILO KILAB; IMIPENEM + CILASTATINA KILAB; LORAZEPAM KILAB; MEROPENEM KILAB
Novoplos,https://ar.prvademecum.com/laboratorio/novoplos-876/,Av. Gral Paz 14268,,Capital federal,11-4519-2541,ACETA; ACILAC OMEGA 3-6; AZITROPLOS; BIO EYES LAGRIMAS; BIOSOL GEL; BIOSOL GOTAS; BIOSOL LC; CIFLOXIN; DAYFLEX C; DEXACORT C; ECNAGEL E; ECNAGEL LOCION ASTRINGENTE; ECNAGEL P.B.; ERITROPLOS; NACLOR 0.9%
Poen,https://ar.prvademecum.com/laboratorio/poen-230/,Fray J. Sarmiento 2350,Olivos,Bs. As.,4670-0100,"ACRYLARM; ACRYLARM PLUS; AUCIC 0,5%; AUCIC 1%; AUCIC 1% LC; AUCIC 1,5%; AUCIC CAPS; AUCIC HOLD; AUCIC PLUS; AUCIC PLUS LC; BRIMOPRESS; BRIMOPRESS LC; BRIMOPRESS T; BRIMOPRESS T LC; BRINZOTEN"
San Ceferino,https://ar.prvademecum.com/laboratorio/san-ceferino-732/,Corrientes 453 /67,Villa María,CORDOBA,(0353) 4534877,
Infinity Pharma,https://ar.prvademecum.com/laboratorio/infinity-pharma-1013/,Balbastro 1649,Ituzaingo,Bs. As.,11-6081-5851,ALBUNORM; BI1 ESPESANTE NM; CUTAQUIG; FIBRYGA; GAMMANORM; NUWIQ; OCTAGAM; OCTANATE; OCTANINE; OCTAPLEX; PANZYGA; WILATE
Lispharma Sa,https://ar.prvademecum.com/laboratorio/lispharma-sa-867/,Venezuela 172,CABA,,4342-6767/4342-1009,
Eczane,https://ar.prvademecum.com/laboratorio/eczane-505/,Laprida 43,Avellaneda,Bs. As.,4201-2587 4222-4527/2873/3494,ABRIKAT; ACLOXIGENAC; ACLOXIGENAC PLUS; AFATIXANE; ALUXANTIB; AMLODISANE; AMSALYO; ANASTROZOL ECZANE 1MG; APARZO; ARILD; ASPIRINA ECZANE; ATENOLOL ECZANE; AVITREX; BRIKATIB; CANDESAN
Biosintex Tresp,https://ar.prvademecum.com/laboratorio/biosintex-tresp-1025/,Salom 651,,Capital federal,01143018687,ESPIROTECH; PANCREOLIPASA TECHSPHERE; SOLUCION HIPERSALINA TECHSPHERE; TOFIB
Pharmamerican,https://ar.prvademecum.com/laboratorio/pharmamerican-807/,Calle 3 y 6,Pque.Ind.Gral.Savio Batán-Mar del Plata,Bs. As.,0223-464-2881,
Asserca,https://ar.prvademecum.com/laboratorio/asserca-1030/,Yeruá 4975,,Capital federal,011-45524357,
Opella,https://ar.prvademecum.com/laboratorio/opella-1002/,Av.Circunvalación y Del Arado,La Matanza Los Tapiales,Bs. As.,,ALLEGRA; ALLEGRA; ALLENASAL; BISOLHELIX; BISOLVON; BISOLVON ADULTOS JARABE NF; BISOLVON COMPOSITUM NF; BUSCAPINA; BUSCAPINA AMPOLLA; BUSCAPINA COMPOSITUM; BUSCAPINA COMPOSITUM N; BUSCAPINA COMPOSITUM N; BUSCAPINA DUO; BUSCAPINA FEM; BUSCAPINA PERLAS
Abbott Nutric ,https://ar.prvademecum.com/laboratorio/abbott-nutric--938/,Ing. Butty 240 Piso 12,C.A.B.A.,,5776-7200 (Líneas rotativas),ALTERNA PEPTIDO; ENSURE; ENSURE ADVANCE; ENSURE ADVANCE LIQUIDO; ENSURE CLINICAL; ENSURE PLUS; GLUCERNA LIQUIDO VAINILLA NF; GLUCERNA POLVO; GLUCERNA POLVO NF; GLUCERNA RTH; GLUCERNA RTH 1.5; JEVITY PLUS; JEVITY RTH; NEPRO AP; OSMOLITE HN RTH
Fresenius Kabi,https://ar.prvademecum.com/laboratorio/fresenius-kabi-623/,Av. Cabildo 2677 Piso 10,Capital,,5093-9000,
Sanofi Health,https://ar.prvademecum.com/laboratorio/sanofi-health-188/,Cuyo 3532,Martinez,Bs. As.,4732-5000,ADACEL; AVAXIM 160U ADULTO; AVAXIM 80U PEDIATRICO; BEYFORTUS; EFLUELDA; HEXAXIM; ISTIVAC; ISTIVAC 4; MENQUADFI; PENTAXIM; STAMARIL; TETRAXIM; TYPHIM VI; VERORAB
Varifarma,https://ar.prvademecum.com/laboratorio/varifarma-421/,Ernesto de las Carreras 2469 (esq. Uruguay),Beccar,Bs. As.,4723-2830/2831,ANASTROZOL VARIFARMA; ANFONAX LIPO; BASALOG; BENDAVAR; BINAP; BIOINSUGEN N (NPH); BIOINSUGEN R; BIOVEN; BOCIPAL; BOZATINIX; BUSULFAN VARIFARMA; C.P.T. 11; CABAZIL; CANITIB; CAPECITABINA VARIFARMA
Richmond,https://ar.prvademecum.com/laboratorio/richmond-245/,Av. Elcano 4938,Capital,,5555-1600 (Líneas rotativas),ACIDO FOLICO RICHMOND; ADDENTA; AMZE; ANTIPLAQ; ARMIXA; BEMUX; BILIP; BOOSTAGEN - 2; CAPECIT; CIDEBIN; CIGANCLOR; DOLOFRIX; DOLOFRIX FORTE; DOLOFRIX TRAM; DONEPES
Beone,https://ar.prvademecum.com/laboratorio/beone-1017/,Arismendi 2441,,Capital federal,11 4522-2574 / 11 4522-2879 / 11 4523-0790 / 11 4523-4815,BRUKINSA
Baliarda,https://ar.prvademecum.com/laboratorio/baliarda-25/,Cochabamba 2525,Capital,,4122-5800,ALERTIAL; ALERTIAL VL; ANDERTIL; AUDIPAX 16; AUDIPAX MULTIDOSIS; AXEPIN; AXIN; AZIBIOTIC 500; BALIARTRIN; BALIARTRIN DUO; BALIARTRIN POTASICO; BALIGLUC 500; BALIGLUC AP 1000; BALIGLUC AP 500; BALIGLUC AP 850
Epuyen,https://ar.prvademecum.com/laboratorio/epuyen-877/,Av. Del Barco Centenera 1884 Esq. Zelarrayan,Pque. Chacabuco C.A.B.A.,,54-11-5192-8538,
Biohope Pharma,https://ar.prvademecum.com/laboratorio/biohope-pharma-1023/,Erezcano 3350,,Capital federal,51993539,SIGNIFOR; SIGNIFOR LAR
Synthon Bago,https://ar.prvademecum.com/laboratorio/synthon-bago-969/,,,,,CATIRA; FIBRONEURINA; FLUNISOL; INMUNOMAS NF; OSIREN MS; POLIMUNOL; ZILOBE
Alef Medical Argentina S.A.,https://ar.prvademecum.com/laboratorio/alef-medical-991/,Fraga 1401,,Capital federal,+54 11 4554 0044,
Combe,https://ar.prvademecum.com/laboratorio/combe-417/,Quirós 2615,C.A.B.A.,,1159217749,
Sanitas,https://ar.prvademecum.com/laboratorio/sanitas-264/,Saladillo 2452,Capital,,4687-3663/1716,ACEITE DE ALMENDRAS EWE; ACEITE DE ARGAN EWE; ACEITE DE JOJOBA EWE; ACEITE DE LAVANDA EWE; ACEITE DE RICINO EWE; ACEITE DE TEA TREE OIL EWE; ACIMED  F; AMOXOL 1000; BICARBONATO DE SODIO EWE; BIOPROLAC; BUDECORT ENEMA; COLIXANE 200; COLIXANE B; COLIXANE DISTEN; CREMA DE CALENDULA EWE
Bago Arcor,https://ar.prvademecum.com/laboratorio/bago-arcor-973/,,,,,SIMPLE CALCIO + VITAMINA D; SIMPLE COLAGENO; SIMPLE COLAGENO HIDROLIZADO; SIMPLE DEFENSAS; SIMPLE DIETA CONTROL; SIMPLE FIBRA; SIMPLE PROTEINA COOK CREAM; SIMPLE PROTEINA SA.ORIG; SIMPLE SACIETY; SIMPLE SACIETY PLUS; SIMPLE VITACAL; SIMPLE VITALIDAD
Haleon Arg,https://ar.prvademecum.com/laboratorio/haleon-arg-624/,Carlos Casares 3690,Victoria,Bs. As.,4725-8900 (Líneas rotativas),ALIKAL; CENTRUM; CENTRUM DEFENSAS; CENTRUM SILVER; IBU EVANOL 600; IBU EVANOL FORTE; IBU EVANOL MAX RAPIDA ACCION; IBU EVANOL PLUS RAPIDA ACCION; IBU EVANOL RAPIDA ACCION; NICOTINELL GUMS; NICOTINELL LOZENGES; NICOTINELL TTS; PARODONTAX COMP. PROT.; UVASAL; VOLTAREN EMULGEL
Amgen,https://ar.prvademecum.com/laboratorio/amgen-975/,Italia 415 Piso 2,Vicente López,Bs. As.,+54 (11) 4014-9200,AMGEVITA; AVSOLA; BEKEMV; BLINCYTO; EVENITY; IMDELLTRA; KANJINTI; KYPROLIS; LUMAKRAS; MVASI; NPLATE; TEPEZZA; VECTIBIX; WEZLANA; XGEVA
Bioderma,https://ar.prvademecum.com/laboratorio/bioderma-672/,Carlos Pellegrini 713 Piso 6,,Capital federal,5218-0810,
Gordon,https://ar.prvademecum.com/laboratorio/gordon-137/,Malvinas Argentinas 3311,Victoria,Bs. As.,+ 54 11 4745 6000,
Francelab,https://ar.prvademecum.com/laboratorio/francelab-786/,Lamadrid 665,Tigre Tr. del Talar,Bs. As.,4715-9532,APRENTICE; AZAREX FIBRA ADELGA; DIAB DOS 1000 MG; DIAB DOS 500 MG; DIAB DOS 850 MG; DIABE PASS 5MG; FRABAN; NEXT STEP 2 MG; NEXT STEP 4 MG; NOVAMAS; PIOTAMAX 30 MG; PIOTAMAX 45 MG; PIOTAMAX MET 15/850; RESVERATROL FRANCELAB; TEMPLARIS
Artrotek,https://ar.prvademecum.com/laboratorio/artrotek-1004/,Baron de Eduardo Holmberg 4156,,Capital federal,47907779,
C D G ,https://ar.prvademecum.com/laboratorio/c-d-g--1035/,Calle 1 30 Pque.Ind.Tandil,Tandil,Bs. As.,0249-4429627,SAFE AQ MAX MEDIDOR DE GLUCOSA; SAFE AQ MAX SOLUCION CONTROL DE GLUCOSA; SAFE AQ MAX TIRAS REACTIVAS
Microsules Arg,https://ar.prvademecum.com/laboratorio/microsules-arg-191/,Cerviño 4407 Piso 9º,Capital,,(011) 3989-7250 líneas rot. Onc.3989-7261 - Medic.3989-7259,ACIDO ZOLEDRONICO MICROSULES; ADYARD; ALERGIANO; ALPRAZOLAM MICROSULES; ANASTROZOL MICROSULES; ANEXA; ARQUIMES; ARRIVE; ATENOLOL MICROSULES; BLACKXELL; CAPECTAN; CARBOPLATINO MICROSULES; CICLOFOSFAMIDA MICROSULES; CIPROTERONA MICROSULES; CISPLATINO MICROSULES
Biosidus S A U,https://ar.prvademecum.com/laboratorio/biosidus-s-a-u-884/,Constitución 4234,C.A.B.A.,,4909-8000,ACLASTA; AGALZYME; AMILIX; ANAFRANIL; BIOCLAVID 500/125; BIOCLAVID 875/125; BIOFERON; BIOMONAR; BLASTOFERON; BROMADENE; CASPOFUNGINA SANDOZ; COMTAN; ERELZI; ESCLEROFERON; HEMAX
Craveri,https://ar.prvademecum.com/laboratorio/craveri-73/,Arengreen 830 / Miranda 5237,Capital,,5453-4555,"AET; ALLOPURINOL CRAVERI RETARD; ANSIELIX DIGEST; ANTIBLOC 12,5; ANTIBLOC 25; ANTIBLOC 6,25; BIORGAN; BIORGAN AP; BIORGAN B; BIORGAN S; BLAST; CRAFIN; CRAVENORM; CRAVERIL DUO; CRAVETOL"
Biosintex Ret ,https://ar.prvademecum.com/laboratorio/biosintex-ret--962/,,,,,AEROPIEL; BIOXILINA; BIOXILINA DUO; BIOXILINA PLUS DUO; BUCOANGIN; BUCOANGIN FLURBI; BUCOANGIN FORTE; BUCOANGIN N CARAMELOS ANTIBIOTICOS; BUCOANGIN N EUCALIPTO; BUCOANGIN N MENTA; CARAMELOS ANTIBIOTICOS LEFMAR BLISTER; CEFAGRAND; CIAPAR; DIGESTINA; DIPIFEBRAL
Ibc,https://ar.prvademecum.com/laboratorio/ibc-952/,Av. Chivilcoy 304,,Capital federal,(011) 4674-0312,ACICLOVIR PHARMAVIAL; AMPICILINA PHARMAVIAL; AMPICILINA SULBACTAM PHARMAVIAL; ATRACURIUM PHARMAVIAL; AZITROMICINA PHARMAVIAL; AZTREONAM PHARMAVIAL; BROMURO DE VECURONIO PHARMAVIAL; CEFALOTINA PHARMAVIAL; CEFAZOLINA PHARMAVIAL; CEFEPIME PHARMAVIAL; CEFTAZIDIMA PHARMAVIAL; CEFTRIAXONA PHARMAVIAL; CLARITROMICINA PHARMAVIAL; CLINDAMICINA PHARMAVIAL; CLORURO DE SODIO 20% PHARMAVIAL
Nolter,https://ar.prvademecum.com/laboratorio/nolter-1012/,Ruta 40 s/nro Esquina calle 8,Pocito,SAN JUAN,(011) 4509-7100,APITENA; EMADIAN; EMADIANMET; JALZER; JALZERMET; NALTREVA; NIFEVA; OLTUX; OLTUX D; PROCTYL; PROCTYL HC 10GRS; PROCTYL HC 30GRS; REFLUX; ROSUFEN; ROSUFEN DUO
Reactivos,https://ar.prvademecum.com/laboratorio/reactivos-1040/,Av. Forest 1610 Piso 3,CABA,,,
Seqirus,https://ar.prvademecum.com/laboratorio/seqirus-979/,Fray Justo Sarmiento 2350,Olivos,Bs. As.,11 5280 9566,AFLURIA QUAD; AFLURIA QUAD JUNIOR; AGRIPPAL S1; FLUAD; FLUCELVAX; FLUCELVAX QUAD
Tauro,https://ar.prvademecum.com/laboratorio/tauro-837/,Juan Agustín García 5420,Capital,,4567-9447 / 4639-0938,
Ariston,https://ar.prvademecum.com/laboratorio/ariston-14/,O'Connor 550/5,V. Sarmiento Morón,Bs. As.,4658-3051 al 55,5 XR 1000; 5 XR 500; ADROMUX; AGRELID; ALEPSAL; ALLOPURINOL HOUDE; ALZATEN; ANA-Q; ARAPENTIN; ARIFLENAC FORTE; ARIGASTRIL; ARISDAR; AROTRAN; ARTREX RETARD; AUDECOL
Biotenk,https://ar.prvademecum.com/laboratorio/biotenk-358/,Zuviría 5747,Capital,,4604-0204/05,AMOXITENK; AMOXITENK PLUS 1G; ATORVASTAN; BEFOL 75; BEFOL AP RETARD; BEFOL B12 FORTE; BEFOL FLEX; BEFOL PLUS; BEFOL VL; BIOFEM; BIOLUTAM; BIOXIN CORT; CARVEDILOL BIOTENK; CEFER; CIPROTENK
Csl Behring,https://ar.prvademecum.com/laboratorio/csl-behring-640/,Fray J. Sarmiento 2350 4º Edif. 2B,Olivos,Bs. As.,4344-9550,AFSTYLA; ALBUREX; BERIATE P; BERINERT P; BERINERT SC; BERIPLAST P COMBI SET; BERIPLEX P/N; FIBROGAMMIN P; HAEMATE P; HAEMOCOMPLETTAN P; HIZENTRA; IDELVION; INMUNOGLOBULINA HEPATITIS-B P; PRIVIGEN; RHOPHYLAC
Lando,https://ar.prvademecum.com/laboratorio/lando-907/,Maipú 325 3B,,Capital federal,46871051,
Savant Pharm,https://ar.prvademecum.com/laboratorio/savant-pharm-739/,Esteban Echeverría 1050 Piso 7,Florida O,Bs. As.,11 4730 4606,ALMAXIMO GEL INTIMO; LEKIO
Kenvue,https://ar.prvademecum.com/laboratorio/kenvue-158/,Mendoza 1259 Piso 1,Capital,,5288-7700,DRAMAMINE
Nhsc,https://ar.prvademecum.com/laboratorio/nhsc-972/,,,,,BOOST; BOOST 1.5; FIBER MAIS; IMPACT; ISOSOURCE 1.5; MODULEN; NOVASOURCE GC; NOVASOURCE PROLINE; NUTREN 1.5; NUTREN CONTROL; NUTREN PROTEIN; NUTREN SENIOR
Neo Dermos,https://ar.prvademecum.com/laboratorio/neo-dermos-199/,Francisco Bilbao 1927,Capital,,4632-0717,ARISTALOE CREMA; ARISTALOE EMULSION; ARISTALOE GEL; BROMHISTOP ROLL-ON; BROMHISTOP SPRAY; DIAL-ND UNGUEAL; E AND C GEL; GALENIC RESTAURADOR CAPILAR; GALENIC SHAMPOO; KETOGENO SHAMPOO; OXIDERMOS; PURACLIN GEL EXFOLIANTE; PURACLIN LOCION LIMPIADORA; PURAGE CREMA CORPORAL; PURAGE CREMA FACIAL
Daxley,https://ar.prvademecum.com/laboratorio/daxley-889/,José Ingenieros 2489,Olivos,Bs. As.,(+5411) 4790 1581,IMUKIN; ORFADIN
Excelentia,https://ar.prvademecum.com/laboratorio/excelentia-576/,Herrera 1855 Piso 1 Dto: 105,C.A.B.A.,,5263-0871,ARTROSTOP FORTE CALIENTE; ARTROSTOP GEL; ARTROSTOP MANOS CON GEL DICLOFENAC; ARTROSTOP T CALIENTE; DORMIRTE; EXPECTOSAN ANTITUSIVO; EXPECTOSAN EXTRA FORTE 200 NOVO; EXPECTOSAN GARGANTA; EXPECTOSAN HIERBAS Y MIEL; EXPECTOSAN NOVO TE CALIENTE; EXPECTOSAN PEDIATRICO; EXPECTOSAN TE CALIENTE; NODOLERTE; UÑA LIBRE DE HONGOS; VIENTRE PLANO VL
Amn,https://ar.prvademecum.com/laboratorio/amn-895/,Moreno 877 Piso 12,C.A.B.A.,,4341-4000,
Celnova,https://ar.prvademecum.com/laboratorio/celnova-948/,San Vladimiro 3056 2Aº 12,San Isidro,Bs. As.,3221-5414,AGUJAS BD ULTRAFINE; APOKINON; APOKINON STYLO; ARLEVERT; DPG; EDARANOVAG; GALVUS; GALVUS MET; JERINGAS BD ULTRAFINE; LEVENOVA; LYSODREN; MEPACT; METOPIRONE; NOZINAN; OGIVRI
Bioprof Bago,https://ar.prvademecum.com/laboratorio/bioprof-bago-423/,Terrada 1270,Capital,,4016-6200,ACTILUZOL; ANASTRADEX; ANDROSTAT; ANTIXAN; BENZIMIR; BIALKO; BIDROSTAT; BIOPONIB; BIOZANIB; CARBOXTIE; CARCIVAC; CLINID; COSMEGEN; DALCARA; DAPIBUS
Biotoscana,https://ar.prvademecum.com/laboratorio/biotoscana-843/,Martín Lezica 3028,San Isidro,Bs. As.,4719-1100,BUDENOFALK; CRESEMBA; SALOFALK; URSOFALK
Grimberg,https://ar.prvademecum.com/laboratorio/grimberg-541/,Lerma 426,Capital,,4777-2022/1600,
Kriler,https://ar.prvademecum.com/laboratorio/kriler-1024/,Cuba 2482 3-B,CABA,,1169067052,
Reckitt Benck ,https://ar.prvademecum.com/laboratorio/reckitt-benck--47/,Ruta Provincial Nº 36 y Diag. Pto.Moreno 8300,Florencio Varela Ingeniero Allan,Bs. As.,4229-4803/4912,CARAMELOS STREPSILS; CARAMELOS STREPSILS PLUS; ESPADOL; GAVISCON NF; STREPSILS INTENSIVE CARAMELOS
Gezzi,https://ar.prvademecum.com/laboratorio/gezzi-133/,14 de Julio 855 PB Dto. 2,Capital,,4555-3366 (Líneas rotativas),ALLERPLUS; ANTIHEMORROIDAL GEZZI PLUS; APOFARM; ARCELIGASOL REDUCTORA; BROMHEXINA GEZZI; CALMOFLEX GEL; CLOTRIMAZOL GEZZI; COLIRIA LAGRIMAS; DOCTOR PIES HONGOS; ESPAVEN SEC; HERBATOL MIEL FORTE; INMUNOGRIP PLUS; LORATADINA GEZZI; MANZAN; MANZAN PLUS
Tecnonuclear,https://ar.prvademecum.com/laboratorio/tecnonuclear-1039/,Arias 4176,,Capital federal,11-4545-6005,GADO-TEC
Organon Arg,https://ar.prvademecum.com/laboratorio/organon-arg-210/,Blas Parera 3551 Piso 4 - of.101,Olivos,Bs. As.,+541122068918,ARCOXIA; CELESTONE; CELESTONE CRONODOSE; CERAZETTE; CO-RENITEC; COZAAREX; COZAAREX D 100/12.5MG; COZAAREX D 100/25MG; COZAAREX D 50/12.5MG; DIPROGENTA; DIPROSONE; ELOCON; ELONVA; EZETROL; FELBAMYL
Aspen,https://ar.prvademecum.com/laboratorio/aspen-18/,Remedios 3439 /43,Capital,,4637-8850 (Int. 133),ANASKEBIR; AZANIR; BITAKEBIR; BORMIB; CALEFIR; CARBOKEBIR; CATEPEN; CRIBINA; DASAN; DERTIDE; DOCEKEBIR; DOXOKEBIR; EMATROD; ERATANIL; ERLONIX
Farmanet,https://ar.prvademecum.com/laboratorio/farmanet-429/,3 de Febrero 4444,Capital,,4814-7100 Ventas: 0800-DE FARMA (33-32-762),
Pharmatrix,https://ar.prvademecum.com/laboratorio/pharmatrix-224/,Arenales 259,Ramos Mejía,Bs. As.,4656-9400 / 4656-4716,
Provefarma S.A.,https://ar.prvademecum.com/laboratorio/provefarma-737/,Calle 4 e/ 5 y 7,Sauce Viejo,SANTA FE,0342-4995292,
Bausch Lomb,https://ar.prvademecum.com/laboratorio/bausch-lomb-579/,Av. del Libertador 174 Piso 13,Vicente Lopez,Bs. As.,4718-4200 / 4718-4231,ARTELAC; ARTELAC COMPLETE MULTIDOSIS; ARTELAC REBALANCE; ARTELAC SPLASH MULTIDOSIS; ARTELAC ULTRA 4S; BIOTRUE; BIOTRUE SOLUCION MULTIPROPOSITO; DEXAMYTREX; HYALOMB; LOTEMAX; MURO 128 5%; NATURA EXPRESS; OCUVITE ADULT 50+; OCUVITE AREDS 2; QUINOMED DX
Andromaco,https://ar.prvademecum.com/laboratorio/andromaco-10/,Av. Ingeniero Huergo 1145,Capital,,4021-6000,ACIFUSIN; ACIFUSIN B; ACNOXIN; ANDRIODERMA; BETASALIC; BETRIOL; BETRIOL B; CLINAL; CODELASA; DEMACORT; DERALBINE; DERMAGLOS; DERMAGLOS DELICADA FRAGANCIA; DRENIX 100; DRENIX 100 AP
Lesmaher,https://ar.prvademecum.com/laboratorio/lesmaher-1027/,Av. Melián 3608,CABA,,(+5411) 4142-6114,PEINE TIOX NIT; PLAYAL 80
Skinglow,https://ar.prvademecum.com/laboratorio/skinglow-1041/,Timoteo Gordillo 1378,,Capital federal,1169333494,SKINGLOW COLAGENO BEBIBLE; SKINGLOW SELAUT
Jczt,https://ar.prvademecum.com/laboratorio/jczt-1033/,,,,,ON CALL PLUS II
Plastimed,https://ar.prvademecum.com/laboratorio/plastimed-898/,Av.Belgrano 2139,Avellaneda,Bs. As.,4205-6212/6213,
Formulab,https://ar.prvademecum.com/laboratorio/formulab-891/,Av.Ricardo Balbín (Ruta 8) 4333,S. Martín,Bs. As.,54 11 4767-1617/1290,
Ferring,https://ar.prvademecum.com/laboratorio/ferring-405/,Av. del Libertador 350 Piso 6,Vicente Lopez,Bs. As.,4585-8900,DESMOPRESIN; DESMOPRESIN MELT; DURATOCIN; FIRMAGON; GLYPRESSIN; GONAPEPTYL DAILY; MENOPUR; PENTASA; PENTASA 1G / PENTASA 2G; PENTASA 4G; PICOPREP; PROPESS; REKOVELLE; RONTAGEL; TOCOFENO
Fada Pharma,https://ar.prvademecum.com/laboratorio/fada-pharma-113/,Tronador 4890 Piso 11,Capital,,5217-3200,AMINOXIDIN SULBACTAM; AMPICILINA FADA; ANFOTERICINA FADA; ASULBLAN; BENSULF; CLORURO DE CALCIO FADA; COST; CRIMA; DAIV; DASUGLOR 1000; DENPRU; DISGRADON; DUVIG; ENETEGE; EXEMPLA
Gobbi Novag,https://ar.prvademecum.com/laboratorio/gobbi-novag-136/,F. Onsari 498,Wilde,Bs. As.,4207-7332/9260 4206-6456/4589,"ADENOSINA GOBBI; ALGEDOL; ATRACURIUM GOBBI; BRINEURA; BUPIGOBBI; BUPIGOBBI 0,5% HIPERBARICA; CALCINOVAG; CLINDANOVAG; CLITAXEL; DEXMENOVAG; DICLONOVAG; FENTANOVAG; FLUMANOVAG; GOBBIBESTROL; GOBBICAINA 1%"
Drawer,https://ar.prvademecum.com/laboratorio/drawer-95/,Dorrego 127,Quilmes,Bs. As.,4257-5592/5615/6148,ACIDO AMINOCAPROICO DRAWER; ADEENE VITAMINA C DRAWER; ADRENALINA DRAWER; AMICACINA DRAWER; AMPICILINA DRAWER; AMPICILINA SULBACTAM DRAWER; CEFALOTINA DRAWER; CEFAZOLINA DRAWER; CEFTRIAXONA DRAWER; CLINDAMICINA DRAWER; CLONIDINA DRAWER; CLORURO DE POTASIO DRAWER; DEXAMETASONA DRAWER; DIAZEPAM DRAWER; DICLOFENAC DRAWER
Lab Puntanos,https://ar.prvademecum.com/laboratorio/lab-puntanos-829/,Av. Del Fundador S/N,Puente Blanco San Luis,SAN LUIS,(0266)-437501 / 4423920,
Lancaster,https://ar.prvademecum.com/laboratorio/lancaster-1018/,Irala 1593 y A.Palacios,,Capital federal,115263-0470,OMNIPAQUE; VISIPAQUE
Natural Healt,https://ar.prvademecum.com/laboratorio/natural-healt-1038/,Bernardo Ader 3620,Munro,Bs. As.,1156331184,
Savant Consumer,https://ar.prvademecum.com/laboratorio/savant-consumer-914/,Esteban Echeverría 1050 Piso 7,Florida O,Bs. As.,11 4730 4606,ALMAXIMO; ALMAXIMO 36; ALMAXIMO MASTICABLE; AMINOCREM; AMINOCREM CONTORNO DE OJOS; AMINOCREM GM; AMPLUS; AXIV GRIPABEN; AXIV GRIPABEN ALLER; AXIV GRIPABEN CARAMELOS; AXIV GRIPABEN NASAL; AXIV GRIPABEN PLUS; AXIV GRIPABEN T DESCONGESTIVO; AXIV TOSTOP ADULTOS; AXIV TOSTOP COMPLEX
Ima,https://ar.prvademecum.com/laboratorio/ima-921/,Palpa 2862,,Capital federal,11 4551-5109,ACIDO ZOLEDRONICO IMA; AXITIM; AZOPANIM; AZZA; BICALUTAMIDA IMA; BINITIF; BLEOMICINA SULFATO IMA; CARBOPLATINO IMA; CARLFIX; CISPLATINO IMA; DANTROCRIS; DOCETAXEL SOL IMA; DOXORUBICINA IMA; DUTASTIMA; EPIRUBICINA IMA
Olbia Pharma,https://ar.prvademecum.com/laboratorio/olbia-pharma-989/,Hipolito Yrigoyen 8381,L. de Zamora,Bs. As.,1125954812,
Takeda Arg ,https://ar.prvademecum.com/laboratorio/takeda-arg--1001/,Av. del Libertador 7208 Piso 14,,Capital federal,,ADCETRIS; ADVATE; ADYNOVATE; ALUNBRIG; ELAPRASE; ENTYVIO; FEIBA TIM-4; FIRAZYR; FRUZAQLA; HYQVIA; IMMUNATE; IMMUNINE; KIOVIG; LIVTENCITY; MYVITLA
Casasco,https://ar.prvademecum.com/laboratorio/casasco-56/,Carabobo 22,Capital,,4633-3838 4632-5092,ACLUSIN; ACTIVIL; ACTIVIL MASTICABLE; ALAGIN DUO; ALBICAR; ALERCAS; ALERCAS CORT; ALERCAS D; ALGICUR; ALPRAZOL; AMINET; AMOCLAV DUO; AMOCLAV SE; AMPLIAR; AMPLIAR DUO
Gador,https://ar.prvademecum.com/laboratorio/gador-129/,Darwin 429,Capital,,4858-9000,ALLOPURINOL GADOR; ALPLAX; ALPLAX DIGEST; ALPLAX NET; ALZETIX; AMBISOME; AMINOMUX 30-90; ANEBOL; ANELKA; APRIL; APRIL 28; ARKUS; ATENOLOL GADOR; ATUREN; BENLIPID
Abbott Epd,https://ar.prvademecum.com/laboratorio/abbott-epd-1/,Ing. Butty 240 Piso 12,C.A.B.A.,,5776-7200 (Líneas rotativas),BETASERC; BIOGAIA GTI; BIOGAIA PRODT; BIOGAIA PROTECTIS + VIT D; BLOPRESS; COFRON; CONTROLIP; CREON 10000; CREON 25000; CREON 5000; DAYAMINERAL; DEPAKENE; DICETEL; DUSPATALIN; INFLUVAC
Disprofarma,https://ar.prvademecum.com/laboratorio/disprofarma-86/,Av.Castañares 3222,Capital,,6091-4300,
Lafarmen,https://ar.prvademecum.com/laboratorio/lafarmen-438/,,,,(0261) 451-1102/1492,
Trb Pharma,https://ar.prvademecum.com/laboratorio/trb-pharma-293/,Plaza 939,Capital,,4555-3600 (Líneas rotativas),ANFOLIC; ARTRAIT; ARTRAIT SC; ARTRODAR; ARTRODAR GLUCO; ARTROSIL; ARTROSIL CBD; ARTROSIL MAGNESIO; BIOTIC PHARMA; BLASTOP; BLASTOP PREVENT; BLUE-VIT.B12; BREK; BREXELL PLUS; CALCIO CIT
Dermacare,https://ar.prvademecum.com/laboratorio/dermacare-980/,Maipú 509,CABA,Capital federal,43469700,
Vannier Grunent,https://ar.prvademecum.com/laboratorio/vannier-grunent-971/,,,,,BIVALIS; MICROSER ULTRA; TRAMAL; TRAMAL LONG; TRAMAL PLUS
Eurolab,https://ar.prvademecum.com/laboratorio/eurolab-704/,Av. Juan de Garay 3881,Capital,,4926-1649/1672,ANTIOXIDANTE +40 NUTRICEUTIC; ARGININA NUTRICEUTIC; ARTROACTIVE; AZIDAC ENDO SOBRES; AZIDAC FEM; AZIDAC FERTY; AZIDAC PLUS DHA; AZIDAC Q10; CISTIDAC; CISTIDAC MAX; CURCUMA NUTRICEUTIC; DECITON; DOXICLINA; DR. AMIN; EURODAC
Abbott Diabetes,https://ar.prvademecum.com/laboratorio/abbott-diabetes-939/,Ing. Butty 240 Piso 12,C.A.B.A.,,5776-7200 (Líneas rotativas),FREESTYLE LANCETS; FREESTYLE LIBRE 2 LECTOR; FREESTYLE LIBRE 2 PLUS SENSOR; FREESTYLE LIBRE LECTOR; FREESTYLE LIBRE SENSOR; FREESTYLE OPTIUM; FREESTYLE OPTIUM NEO MEDIDOR DE GLUCOSA
Norgreen,https://ar.prvademecum.com/laboratorio/norgreen-577/,Calle 8 Esq. 5,Batán P.Ind. Gral. Savio,Bs. As.,(0223) 4642010/2011,
Sidus,https://ar.prvademecum.com/laboratorio/sidus/lifescan-986/,,,,,
Linfar,https://ar.prvademecum.com/laboratorio/linfar-177/,Emilio Casas Ocampo 2838,Altos de San Martín,CORDOBA,(0351) 481-5786/482-0599,
Drog Hispana,https://ar.prvademecum.com/laboratorio/drog-hispana-692/,Luis Braile 2165,Florencio Varela,Bs. As.,4237-2585,
Jeianell,https://ar.prvademecum.com/laboratorio/jeianell-1032/,Ugarte Manuel 1607 Piso 8°B,,Capital federal,1159966907,
Pretoria S.R.L.,https://ar.prvademecum.com/laboratorio/pretoria-849/,Av. Int. Francisco Rabanal 2543,C.A.B.A.,,4919-0969,ENSUVANZA; IBRUVANZA; NILUVANZA; SUVANCLIB
Monserrat,https://ar.prvademecum.com/laboratorio/monserrat-193/,Virrey Cevallos 1625/7,Capital,,11-3990-9099,ACTIUM; AJOMAST; ALGICLER; ALGICLER FLEX; ALGICLER GEL; AMOXICLER; BECEBUEN COMPUESTO; BECEBUEN GOTAS; BUCOTRICIN CARAMELOS ANTIBIOTICOS; BUCOTRICIN COLUTORIO; CALCUSAN; CALCUSAN BEBE; CALCUSAN SULFADIAZINA; CALCUSAN X; CIPROCLER
Survival,https://ar.prvademecum.com/laboratorio/survival-350/,Castillo 1531,Capital,,4773-8181,
Nutrigenomics,https://ar.prvademecum.com/laboratorio/nutrigenomics-934/,Florida 142 3 D,,Capital federal,5236-0011,
Biol,https://ar.prvademecum.com/laboratorio/biol-35/,José E.Uriburu 153,Capital,,4953-7215/17 4953-6596,ADENOSINA BIOL; ADHESOL; ADRENALINA BIOL; ARGOCIAN; BIASCOR; BIOL PREO; CALMEVA; DIGOXINA BIOL; DITE (EX VACUNA DOBLE ADULTOS BIOL); EFEDRINA BIOL; FERRETAB COMPUESTO; FINESCAR; FRONT 2; FUROSEMIDA BIOL; GASTERINA
Lativ S.A.,https://ar.prvademecum.com/laboratorio/lativ-799/,Pte. Roca 1902,Rosario,SANTA FE,0341-4817745,
S Chobet,https://ar.prvademecum.com/laboratorio/s-chobet-257/,Iberá 5055,Capital,,4545-5454,ALENTAL; AMZIAX CHOBET; BISMUTO CHOBET CON PECTINA; CLOFIBRATE MAGNESICO CHOBET; CREMA DE BISMUTO CHOBET CON PECTINA; INDAPAMIDA CHOBET (DUREMID); LEPTIC CHOBET; LORAZEPAN CHOBET; MENSALGIN; MENSALGIN FORTE; MEPERIDINA (PETIDINA) CHOBET; METACALMANS; NALBUFINA CHOBET; NEOCALMANS; NEOCALMANS IT
Amarin Technol ,https://ar.prvademecum.com/laboratorio/amarin-technol--1022/,Sanchez 2043,,Capital federal,01145886500,LAMUNA
Panalab,https://ar.prvademecum.com/laboratorio/panalab-506/,Av. Del Libertador 6250 Piso 2,Capital,,4117-7700,CAPILEX; CARTREXAN; CLINDACIN; COMBINATER; DERMOTRAT; DETENAGE C ANTIOX BOOSTER; DETENAGE N; DUO CLINDACIN; DUTAPIL; DUTAPIL PLUS; EFICICLINA; ESPONTAL; ESPONTAL DUO; ESPONTAL MAX; FLUTINASE
Oxapharma,https://ar.prvademecum.com/laboratorio/oxapharma-881/,Fragata Heroína 4948,Malvinas Argentinas Grand Bourg,Bs. As.,4463-0608,ADAPNE; ADAPNE DUO; ADAPNE DUO FORTE; AXILAN; AXILAN FORTE; CLINDACUR UNO; CLODEW; DERMACLOB; DIMSA; DUTASINAR; ISOTAN; ISOTAN LIPS; IVIX FIN; IVIX HTA; IVIX LOCION 2%
Jayor,https://ar.prvademecum.com/laboratorio/jayor-953/,Guemes 3937 Piso 8 Of. B,,Capital federal,5353-2130 / 11-4969 2433,INFUKOLL GEL 4%
Bajer,https://ar.prvademecum.com/laboratorio/bajer-23/,A. R. Bufano 1265,Capital,,4582-7920/0748 4581-1837,AULO GELIO REPELENTE; FARM-X CREMA; FARM-X POLVO
Msd Argentina,https://ar.prvademecum.com/laboratorio/msd-argentina-913/,Cazadores de Coquimbo 2841 /57 Piso 4,Munro,,(54-11) 6090 - 7200,BRIDION; CANCIDAS; CUBICIN RT; DELSTRIGO; EMEND; GARDASIL 9; INVANZ; ISENTRESS; ISENTRESS 600; JANUMET; JANUVIA; KEYTRUDA; KEYTRUDA SC; M-M-R II; NOXAFIL
Drog Farmaquio,https://ar.prvademecum.com/laboratorio/drog-farmaquio-1009/,Depósito: Centenario 2751 Ex 1271,Quilmes,Bs. As.,011-4275-0499,PROMISEMED; VIVACHEK INO; VIVACHEK INO SOUND
Bagó S.A. (Dist. DISPROFARMA),https://ar.prvademecum.com/laboratorio/bago-22/,Bernardo de Irigoyen 248,Capital,,4344-2000,ACTINERVAL; ACTUAL; AKINETON; ALFAXIN 100; ALFAXIN 50; ANAFLEX 500; ANAFLEX FORTE; ANAFLEX PLUS RAPIDA ACCION LIB; ANGIOVEZ; ARTINOVO; AZECAR; BACTICEL; BAGO + ACTIVAMENTE; BAGO + CALMA; BAGO + DESCANSO
Scott Cassara,https://ar.prvademecum.com/laboratorio/scott-cassara-447/,Gaona 4302,Capital,,4672-5999/9118/9300,"BUPICAINA 0,50%; BUPICAINA HIPERBARICA; DOBUCARD; DORMID; ISOFLURANE; ISOPROTERENOL; LIDOCAINA; LIDOCAINA 10% SPRAY; LIDOCAINA 4% SOLUCION TOPICA; LIDOCAINA AL 2% JALEA; LIDOCAINA VISCOSA; NARXONA; NITROPRUS; OCYTOCIN; PANCURON"
Coloplast,https://ar.prvademecum.com/laboratorio/coloplast-524/,Hipólito Bouchard 547 Piso 8,Capital,,3985-5902,
LDA S.A.,https://ar.prvademecum.com/laboratorio/lda-332/,Alcaraz 5294,Capital,,4567-7140 4639-9208,
Abbvie,https://ar.prvademecum.com/laboratorio/abbvie-936/,Ing. Butty 240 Piso 13,C.A.B.A.,,5282 7200,ACULAR; ACULAR LS; ALPHAGAN; ALPHAGAN P; AQUIPTA; BOTOX; COMBIGAN; ELAHERE; EPKINLY; GANFORT; GANFORT UD; HUMIRA AC; KALETRA; LATISSE TM; LUMIGAN
Montpellier,https://ar.prvademecum.com/laboratorio/montpellier-195/,Virrey Liniers 673,Capital,,4127-0000 (Líneas rotativas),AGIRAX; ALERPRIV; ALERPRIV D; ALERVITAN; ASMAVITAN; BACTICORT; BACTICORT COMPLEX; BACTIFREN 500; BACTIFREN 750; CADILER; CARBOGASOL; CARBOGASOL FORTE; CIARAN; CIMZIA; CLARIMAX 125
Framingham,https://ar.prvademecum.com/laboratorio/framingham-281/,Agüero 363,C.A.B.A.,,4867-6767/3386 4861-6807,"ACTIVAMENT 5HTP; AMINOGLU GLUTAMINA PURA; AMPK; AMPK BATIDO PROTEICO LISTO; AMPK CREATINA HCL ORIGINAL; AMPK NUTRI VEGAN PROTEIN; AMPK SPORT CREATINA; AMPK VEGAN PROTEIN; BENELTA FLEX; CAPSKRILL; CRUJINAT BITE PROTEIN; DAOZIMA; DIGECAPS; E-FOLIC B6, B12; FENILUP"
B Braun,https://ar.prvademecum.com/laboratorio/b-braun-498/,J. E. Uriburu 663 Pso. 5,Capital,,4954-2030,
Pint Pharma,https://ar.prvademecum.com/laboratorio/pint-pharma-608/,Santa Rosa 3803,Florida Oeste,Bs. As.,4730-2539,BELEODAQ; BESREMI; EMPAVELI; GALAFOLD; NERLYNX; ORLADEYO
Sant Gall,https://ar.prvademecum.com/laboratorio/sant-gall-266/,Av. Brasil 3131/3,Capital,,4943-0729/2494,AMOXICILINA SANT GALL FRIBURG; AZITROGAL; CEFALEXINA SANT GALL FRIBURG; CIPROFLOXACINA SANT GALL; FERROGAL; FERROGALFOL; FRIFLOXACINA SANT GALL; GALCICLINA SANT GALL; GALFEROL 2400; GALFEROL 400; GALFOL 1; GALFOL 10; GALFOL 5; GALLCORT; IBUPROFENO SANT GALL FRIBURG
Techsphere,https://ar.prvademecum.com/laboratorio/techsphere-795/,Av. Bernardino Rivadavia 843,Avellaneda,Bs. As.,4368-0012/13/25/26,ANASTROZOL TECHSPHERE; BICALUTAMIDA TECHSPHERE; CAPECITABINA TECHSPHERE; CIPROTERONA TECHSPHERE; ENZYBAR; ISOSORBIDE 5-MONONITRATO TECHSPHERE; LETROZOL TECHSPHERE; LOSARTAN TECHSPHERE; PACLITAXEL TECHSPHERE; TEPENAC
Medisol,https://ar.prvademecum.com/laboratorio/medisol-770/,Carhué 1096,,Capital federal,4641-5404/0505/5362 4642-7409,ACIMED; AEROTROP NEBU; AEROVENT; AEROVENT E; AMOXOL; BETACORT CASSARA; BETACORT INY CASSARA; BETACORT PLUS; CEFADROX; CEFADUO; CERUMEX; CLAMOXOL DUO COMPRIMIDOS; CRONOBETACORT; DITRAL; EUMICEL
Dalon Perello,https://ar.prvademecum.com/laboratorio/dalon-perello-932/,Senillosa 1602,,Capital federal,15 3675 7272,
Lafedar,https://ar.prvademecum.com/laboratorio/lafedar-434/,Valentín Torrá 4880,Paraná,ENTRE RIOS,0343-4362286 (Líneas rotativas),ABIRATERON-A; ADECONCE; ANALGINA; ARATOPIC; ARZOMICIN; ATTENUAT CLA; AZIMICINA; B-CAVIR 0.5MG; B-JEN; B-JEN 5%; BAZAM; BETAMAT; BETAMAT RETARD; BIOFTAL; BLOCAMINE
Bina Pharma,https://ar.prvademecum.com/laboratorio/bina-pharma-999/,Calle 55 (ex Otto Bemberg) 4410 Pque.Ind.Hudson,Berazategui,Bs. As.,1553409099,
Richet S.A.,https://ar.prvademecum.com/laboratorio/richet-244/,Tres Arroyos 1829,Capital,,5129-5555,ACIDO ZOLEDRONICO RICHET; ALPROSTADIL RICHET; AMIKACINA RICHET; AMLODIPINA RICHET; AMOXICILINA CLAVULANICO 7:1 RICHET; AMOXICILINA CLAVULANICO FORTE RICHET; AMOXICILINA CLAVULANICO RICHET; AMOXICILINA CLAVULANICO RICHET 1000MG; AMOXICILINA RICHET; AMOXICILINA RICHET DUO; AMOXICILINA SULBACTAM RICHET; AMPICILINA RICHET; ANFOTERICINA RICHET; ATORVASTATIN CALCICO RICHET; ATORVASTATIN RICHET
Savant Generic,https://ar.prvademecum.com/laboratorio/savant-generic-990/,Esteban Echeverría 1050 Piso 7,Florida O,Bs. As.,11 4730 4606,ATIBAX; BUTEFINA; BUTEFINA DUO; CARTIATO; CIPROCORT; DAZOMET; DAZOMET AP; DUPRAC; FABAMOX; FABAMOX DUO; FABAMOX DUO 1G; FABAMOX DUO SUSPENSION; FABAMOX PLUS; FABOTOP DUO; FIEBROLEX 2%
Drog Meta,https://ar.prvademecum.com/laboratorio/drog-meta-818/,Av. Mitre 3690,Munro,Bs. As.,4006-6382,
Pfizer,https://ar.prvademecum.com/laboratorio/pfizer-221/,Colectora Panamericana 1804 1°P Sector B,Villa Adelina,Bs. As.,4788-7000,ABRILADA; ABRYSVO; ALDACTONE A; ALDACTONE D; ALDACTONE D 25/20; AROMASIN; BENEFIX; BESPONSA; BOSULIF; BRAFTOVI; CABASER; CIBINQO; DALACIN C 300; DEPO-PROVERA; DIABINESE
Celtyc SA,https://ar.prvademecum.com/laboratorio/celtyc-1000/,Guardia Vieja 996,Hurlingham,Bs. As.,54 11 3989 8200,AGUA PARA INYECTABLE CELTYC; CEFEPIME CELTYC; CLORURO DE POTASIO; COLISTINA CELTYC; DEXAMETASONA CELTYC; DICLOFENAC CELTYC; ENOXAPARINA CELTYC; FENTANILO CELTYC; FLUMAZENIL CELTYC; FUROSEMIDA CELTYC; HEPARINA CELTYC; HIDROCORTISONA CELTYC; HIOSCINA CELTYC; IMIPENEM CELTYC; KETOROLAC CELTYC
Nestle,https://ar.prvademecum.com/laboratorio/nestle-200/,Av. Del Libertador 1855,Vicente López,Bs. As.,4329-8100/8228,ALFAMINO; ALFARE; ASCENDA; GERBER; GERBER NUTRISNACK; NAN 1 OPTIPRO; NAN 2 OPTIPRO; NAN 3 OPTIPRO; NAN ALFARE; NAN AR; NAN COMFORT; NAN H.A.; NAN SIN LACTOSA NF; NANCARE COMFORT; NANCARE PROTECT
Bayer,https://ar.prvademecum.com/laboratorio/bayer-267/,Ricardo Gutiérrez 3652,Munro,Bs. As.,4762-7000,ACTRON 600 RAPIDA ACCION; ACTRON 600 RAPIDA ACCION NUEVA FORMULA; ACTRON FLEX; ACTRON GEL; ACTRON MIGRA RAPIDA ACCION; ACTRON MUJER RAPIDA ACCION; ACTRON PEDIATRICO; ACTRON PEDIATRICO 4%; ACTRON PLUS; ACTRON RAPIDA ACCION; ACTRON RAPIDA ACCION NUEVA FORMULA; ADEMPAS; ASPIRINA PREVENT 100; ASPIRINETAS; AVELOX
Fabop S.A.,https://ar.prvademecum.com/laboratorio/fabop-569/,Ruta Nacional Nro. 19 Km. 204,El Tío,CORDOBA,(03576) 491346 (Líneas rotativas),
Duncan S.A.,https://ar.prvademecum.com/laboratorio/duncan-99/,Tronador 543,Capital,,4514-6820/26,ABLOOM; ADRENALINA BIOQUIM; ATARVA; ATROPINA SULFATO BIOQUIM; BIO TARBUN; BLAMY; CAFEINA BIOQUIM; CALCIO GLUCONATO BIOQUIM; CEPLENE PLUS; CIPROFLOXACINA DUNCAN; CLEARSING; CLONIXINATO DE LISINA; CLORPROMAZINA DUNCAN; CURINFLAM; CURINFLAM A.P.
Gsk Biopharma,https://ar.prvademecum.com/laboratorio/gsk-biopharma-1010/,Av. del Libertador 7202 Piso 4,,Capital federal,,3TC; 3TC COMPLEX; ALENYS; ANORO; AREXVY; AROPAX; AVODART; BENLYSTA; BETNOVATE; BETNOVATE CAPILAR; BETNOVATE N; BEXSERO; BUSTRIX; CELSENTRI; DARAPRIM
Iraola,https://ar.prvademecum.com/laboratorio/iraola-901/,Viamonte 2146 Piso 7,,Capital federal,(011) 4952-9800,AMUCHINA 100%; METFORMINA IRAOLA
B Life,https://ar.prvademecum.com/laboratorio/b-life-929/,Cochabamba 3643,,Capital federal,011 4957 6764 / 011 4932 4816,
Garden House Ar,https://ar.prvademecum.com/laboratorio/garden-house-ar-442/,Av. Alvarez Jonte 4029,,Capital federal,4568-2591/4568-2874,
Adium,https://ar.prvademecum.com/laboratorio/adium-240/,Int. Cnel. Amaro Avalos 2826 Ed. I Piso 3,Munro,Bs. As.,4509-7100,AEROTINA; AEROTINA PEDIATRICO; ALPERTAN; ALPERTAN D; APATRIX; ARIZIC; ASOTERON; ASOTREX; ASOTREX GL; ATENIX; AZATIOPRINA RAFFO; BEMPENAL; BEMPEZET; BREMIDAN; BRIVAXON
Calihepat,https://ar.prvademecum.com/laboratorio/calihepat-1031/,Suipacha 781,Rosario,SANTA FE,+5493416204408,
Eurofarma Arg ,https://ar.prvademecum.com/laboratorio/eurofarma-arg--37/,Av. San Martín 4550,La Tablada,Bs. As.,4003-6406,ACLOSAN; ACTISON; AFIANCEN; ALTERPURE; BETINA; BUDESON NEBU; BUP XL; CARTAN; CARTAN D; COLIFILM; COLONIL; COLOXIMINA; CORRETAL; DECNOV; DEMPI
Mr Pharma,https://ar.prvademecum.com/laboratorio/mr-pharma-985/,Estados Unidos 5105,Malvinas Argentinas,Bs. As.,(03327) 44-5858,ATRIMON; REMICIT; UNIMEX
Dallas,https://ar.prvademecum.com/laboratorio/dallas-75/,Uriarte 2121 /23,Capital,,4773-2791/2792 4774-6616/7472,CABAL; PROETZONIDE NEBU; PROETZTOTAL; SINCERUM; SINCERUM BIOTIC; SINCERUM BIOTIC L; SINCERUM DRY; VILTAR
Novo Nordisk,https://ar.prvademecum.com/laboratorio/novo-nordisk-484/,Av. Del Libertador 350,V. Lopez,Bs. As.,+54 11 5198 6686 - Servicio At.al Cte. 0-800-345-6686 (NOVO),AGUJAS NOVOFINE 30G; AGUJAS NOVOFINE 32G; AGUJAS NOVOFINE 32G TIP; ALHEMO; ESPEROCT; GLUCAGEN HYPOKIT; INSULINA FIASP; INSULINA HUMANA NOVOLIN N; INSULINA HUMANA NOVOLIN R; INSULINA INSULATARD FLEXPEN UI; INSULINA INSULATARD HM; INSULINA NOVOMIX 30 FLEXPEN; INSULINA NOVORAPID FLEXPEN; INSULINA NOVORAPID FLEXPEN UI; INSULINA NOVORAPID PENFILL
Nutricia Bago,https://ar.prvademecum.com/laboratorio/nutricia-bago-582/,Moreno 877 Piso 5,Capital,,5354-5400,BIFIDOSA; CUBITAN; DIASIP; FORTINI COMPACT MULTIFIBRE; FORTINI PLUS; FORTISIP; FORTISIP ADVANCED VAINILLA; FORTISIP COMPACT; FORTISIP COMPACT PROTEIN; FORTISIP MAX; FORTISIP STANDARD; INFATRINI; INFATRINI LIQUIDO; KAS 1000; LP-DRINK
Dicofar S.R.L.,https://ar.prvademecum.com/laboratorio/dicofar-660/,Fray Cayetano Rodríguez 3520,Ciudadela,Bs. As.,4667-7910,
Dr.Lazar & Cía. S.A.,https://ar.prvademecum.com/laboratorio/lazar-171/,Av. Vélez Sársfield 5855,Carapachay,Bs. As.,5550-2900/49,ACTEMIN; ADIUVAN; ADIUVAN MET; ALERFEDINE; ALERFEDINE D; ALERFEDINE SUSPENSION; ALIN; ALZEPRAL V.L.; ANIL; ANTITROM; ARZIMOL; ARZIMOL B; ASTENDE; ATARAXONE; BACTOCILINA
Rominafort,https://ar.prvademecum.com/laboratorio/rominafort-819/,Av.Monroe 5471,Capital,,011-4524-3200,
Valuge,https://ar.prvademecum.com/laboratorio/valuge-629/,Los Crisantemos (Ayres Vila) 392 Ed.Skyglass 3,Pilar (km 43.5),Bs. As.,(11) 3986-0439 / 3986-0440 / 3986-0441,
NORT,https://ar.prvademecum.com/laboratorio/nort-663/,Cerviño 4671 Piso 4º C,Capital,,4773-8985 / 6771-6678,BABA DE CARACOL CON CREMA DE ORDEÑE NORT; CENTELLA ASIATICA + CAFEINA + B.CARACOL; CREMA DE ORDEÑE NORT; EMULSION MILK NORT; KARITENA; POST SOLAR GEL REFRESCANTE NORT
Cevallos,https://ar.prvademecum.com/laboratorio/cevallos-560/,Manuela Pedraza 4496,C.A.B.A.,,5353-9881 (Líneas rotativas),
Rivero,https://ar.prvademecum.com/laboratorio/rivero-249/,Av. Boyacá 419,Capital,,4632-8710 4631-4824,ALGLUTAMIN; CIPROFLOXACINA RIVERO; CISTEINA RIVERO; DANFERANE I.V.; DEXIVEN; DEXMETIN; DIBIONAL; DIXAFER I.V.; DIXIDROL; FLUCONAZOL RIVERO 200; GREPIFLOX IV PREMIX; HESSICO; LITRECAN; METRONIDAZOL RIVERO 500; NIGLINAR
Addvance,https://ar.prvademecum.com/laboratorio/addvance-1028/,Madre Teresa de Calcuta 1050,Sunchales,SANTA FE,03493 661425,
Galderma,https://ar.prvademecum.com/laboratorio/galderma-366/,Av. Libertador 1885 Ed.MO-1 Piso 3º,Vicente Lopez,Bs. As.,(011) 4329 8220,"AKLIEF; AVIXIS; BENZIHEX AC; CLOB-X; DIFFERIN; DIFFERIN 0,3%; DYSPORT; EPIDUO; EPIDUO FORTE; LOCERYL LACA PARA UÑAS; ORACEA; ROZEX; SOOLANTRA; TETRALYSAL; TRI-LUMA"
Everex,https://ar.prvademecum.com/laboratorio/everex-211/,García de Cossio 6160,Capital,,4642-1259 / 4642-5779,ALAPIDIUM; BIRAT; BORTEZOMIB EVEREX; BOSENTAC; CLORHYP FQ; ENDEXIN; EVERCICLEX; EVEROLIMUS ETHYPHARM; IBRUTINEX; LIDOMID; MIZARID; PERTROMB; PIRFEX; RILUZOLE; RIVAREX
